Run,App_Name,Framework,Strategy,Profile,Page_Name,Page_Path,Tested_URL,Final_URL,Timestamp,First Contentful Paint_Value,First Contentful Paint_Score_%,Largest Contentful Paint_Value,Largest Contentful Paint_Score_%,Speed Index_Value,Speed Index_Score_%,Interactive_Value,Interactive_Score_%,Total Blocking Time_Value,Total Blocking Time_Score_%,Cumulative Layout Shift_Value,Cumulative Layout Shift_Score_%
1,"Next.js SSG",Next.js,"Static Site Generation",SLOW3G,"Blog Post",/blog/1,https://render-strategy-demo-next-app-ssg.vercel.app/blog/1,https://render-strategy-demo-next-app-ssg.vercel.app/blog/1/,2025-06-12T08:50:17.557Z,1.82,89,5.93,14,1.82,100,5.93,65,59,100,0,100
2,"Next.js SSG",Next.js,"Static Site Generation",SLOW3G,"Blog Post",/blog/1,https://render-strategy-demo-next-app-ssg.vercel.app/blog/1,https://render-strategy-demo-next-app-ssg.vercel.app/blog/1/,2025-06-12T08:50:28.510Z,1.81,89,5.66,17,1.81,100,5.66,69,51,100,0,100
3,"Next.js SSG",Next.js,"Static Site Generation",SLOW3G,"Blog Post",/blog/1,https://render-strategy-demo-next-app-ssg.vercel.app/blog/1,https://render-strategy-demo-next-app-ssg.vercel.app/blog/1/,2025-06-12T08:50:39.670Z,1.82,89,5.79,15,1.82,100,5.79,67,62,100,0,100
4,"Next.js SSG",Next.js,"Static Site Generation",SLOW3G,"Blog Post",/blog/1,https://render-strategy-demo-next-app-ssg.vercel.app/blog/1,https://render-strategy-demo-next-app-ssg.vercel.app/blog/1/,2025-06-12T08:50:50.741Z,1.82,89,5.87,14,1.82,100,5.87,66,70,99,0,100
5,"Next.js SSG",Next.js,"Static Site Generation",SLOW3G,"Blog Post",/blog/1,https://render-strategy-demo-next-app-ssg.vercel.app/blog/1,https://render-strategy-demo-next-app-ssg.vercel.app/blog/1/,2025-06-12T08:51:01.669Z,1.82,89,5.7,16,1.82,100,5.7,68,61,100,0,100
6,"Next.js SSG",Next.js,"Static Site Generation",SLOW3G,"Blog Post",/blog/1,https://render-strategy-demo-next-app-ssg.vercel.app/blog/1,https://render-strategy-demo-next-app-ssg.vercel.app/blog/1/,2025-06-12T08:51:12.394Z,1.82,89,5.47,19,1.82,100,5.47,71,70,99,0,100
7,"Next.js SSG",Next.js,"Static Site Generation",SLOW3G,"Blog Post",/blog/1,https://render-strategy-demo-next-app-ssg.vercel.app/blog/1,https://render-strategy-demo-next-app-ssg.vercel.app/blog/1/,2025-06-12T08:51:23.297Z,1.82,89,5.72,16,1.82,100,5.72,68,64,100,0,100
8,"Next.js SSG",Next.js,"Static Site Generation",SLOW3G,"Blog Post",/blog/1,https://render-strategy-demo-next-app-ssg.vercel.app/blog/1,https://render-strategy-demo-next-app-ssg.vercel.app/blog/1/,2025-06-12T08:51:34.640Z,1.82,89,5.75,16,1.82,100,5.75,67,59,100,0,100
9,"Next.js SSG",Next.js,"Static Site Generation",SLOW3G,"Blog Post",/blog/1,https://render-strategy-demo-next-app-ssg.vercel.app/blog/1,https://render-strategy-demo-next-app-ssg.vercel.app/blog/1/,2025-06-12T08:51:45.581Z,1.82,89,5.85,15,1.82,100,5.85,66,96,98,0,100
10,"Next.js SSG",Next.js,"Static Site Generation",SLOW3G,"Blog Post",/blog/1,https://render-strategy-demo-next-app-ssg.vercel.app/blog/1,https://render-strategy-demo-next-app-ssg.vercel.app/blog/1/,2025-06-12T08:51:57.549Z,1.82,89,5.92,14,1.9,100,5.92,65,79,99,0,100