Run,App_Name,Framework,Strategy,Profile,Page_Name,Page_Path,Tested_URL,Final_URL,Timestamp,First Contentful Paint_Value,First Contentful Paint_Score_%,Largest Contentful Paint_Value,Largest Contentful Paint_Score_%,Speed Index_Value,Speed Index_Score_%,Interactive_Value,Interactive_Score_%,Total Blocking Time_Value,Total Blocking Time_Score_%,Cumulative Layout Shift_Value,Cumulative Layout Shift_Score_%
1,"Next.js SSG",Next.js,"Static Site Generation",SLOW3G,"About Page",/about,https://render-strategy-demo-next-app-ssg.vercel.app/about,https://render-strategy-demo-next-app-ssg.vercel.app/about/,2025-06-12T07:05:25.877Z,1.84,89,5.4,20,3.91,82,5.4,72,83,99,0,100
2,"Next.js SSG",Next.js,"Static Site Generation",SLOW3G,"About Page",/about,https://render-strategy-demo-next-app-ssg.vercel.app/about,https://render-strategy-demo-next-app-ssg.vercel.app/about/,2025-06-12T07:05:37.906Z,1.83,89,5.59,18,3.87,83,5.59,69,81,99,0,100
3,"Next.js SSG",Next.js,"Static Site Generation",SLOW3G,"About Page",/about,https://render-strategy-demo-next-app-ssg.vercel.app/about,https://render-strategy-demo-next-app-ssg.vercel.app/about/,2025-06-12T07:05:49.326Z,1.82,89,5.5,19,1.82,100,5.5,70,63,100,0,100
4,"Next.js SSG",Next.js,"Static Site Generation",SLOW3G,"About Page",/about,https://render-strategy-demo-next-app-ssg.vercel.app/about,https://render-strategy-demo-next-app-ssg.vercel.app/about/,2025-06-12T07:06:00.087Z,1.83,89,5.38,20,1.83,100,5.38,72,54,100,0,100
5,"Next.js SSG",Next.js,"Static Site Generation",SLOW3G,"About Page",/about,https://render-strategy-demo-next-app-ssg.vercel.app/about,https://render-strategy-demo-next-app-ssg.vercel.app/about/,2025-06-12T07:06:10.914Z,1.82,89,5.48,19,1.82,100,5.48,71,63,100,0,100
6,"Next.js SSG",Next.js,"Static Site Generation",SLOW3G,"About Page",/about,https://render-strategy-demo-next-app-ssg.vercel.app/about,https://render-strategy-demo-next-app-ssg.vercel.app/about/,2025-06-12T07:06:21.779Z,1.82,89,5.44,20,1.82,100,5.44,71,42,100,0,100
7,"Next.js SSG",Next.js,"Static Site Generation",SLOW3G,"About Page",/about,https://render-strategy-demo-next-app-ssg.vercel.app/about,https://render-strategy-demo-next-app-ssg.vercel.app/about/,2025-06-12T07:06:32.974Z,1.85,88,5.43,20,3.97,81,5.43,71,78,99,0,100
8,"Next.js SSG",Next.js,"Static Site Generation",SLOW3G,"About Page",/about,https://render-strategy-demo-next-app-ssg.vercel.app/about,https://render-strategy-demo-next-app-ssg.vercel.app/about/,2025-06-12T07:06:44.160Z,1.82,89,5.53,18,1.82,100,5.53,70,51,100,0,100
9,"Next.js SSG",Next.js,"Static Site Generation",SLOW3G,"About Page",/about,https://render-strategy-demo-next-app-ssg.vercel.app/about,https://render-strategy-demo-next-app-ssg.vercel.app/about/,2025-06-12T07:06:54.923Z,1.87,88,5.23,23,1.87,100,5.23,74,48,100,0,100
10,"Next.js SSG",Next.js,"Static Site Generation",SLOW3G,"About Page",/about,https://render-strategy-demo-next-app-ssg.vercel.app/about,https://render-strategy-demo-next-app-ssg.vercel.app/about/,2025-06-12T07:07:06.787Z,1.83,89,5.39,20,2.99,94,5.39,72,53,100,0,100