Run,App_Name,Framework,Strategy,Profile,Page_Name,Page_Path,Tested_URL,Final_URL,Timestamp,First Contentful Paint_Value,First Contentful Paint_Score_%,Largest Contentful Paint_Value,Largest Contentful Paint_Score_%,Speed Index_Value,Speed Index_Score_%,Interactive_Value,Interactive_Score_%,Total Blocking Time_Value,Total Blocking Time_Score_%,Cumulative Layout Shift_Value,Cumulative Layout Shift_Score_%
1,"Next.js SSG",Next.js,"Static Site Generation",SLOW3G,"Blog List",/blog,https://render-strategy-demo-next-app-ssg.vercel.app/blog,https://render-strategy-demo-next-app-ssg.vercel.app/blog/,2025-06-12T07:43:53.677Z,1.91,87,5.89,14,1.91,100,5.89,66,68,99,0,100
2,"Next.js SSG",Next.js,"Static Site Generation",SLOW3G,"Blog List",/blog,https://render-strategy-demo-next-app-ssg.vercel.app/blog,https://render-strategy-demo-next-app-ssg.vercel.app/blog/,2025-06-12T07:44:07.250Z,1.9,87,5.92,14,1.9,100,5.92,65,67,99,0,100
3,"Next.js SSG",Next.js,"Static Site Generation",SLOW3G,"Blog List",/blog,https://render-strategy-demo-next-app-ssg.vercel.app/blog,https://render-strategy-demo-next-app-ssg.vercel.app/blog/,2025-06-12T07:44:20.421Z,1.9,87,5.38,20,1.9,100,5.38,72,61,100,0,100
4,"Next.js SSG",Next.js,"Static Site Generation",SLOW3G,"Blog List",/blog,https://render-strategy-demo-next-app-ssg.vercel.app/blog,https://render-strategy-demo-next-app-ssg.vercel.app/blog/,2025-06-12T07:44:33.181Z,1.9,87,5.42,20,1.9,100,5.42,71,67,99,0,100
5,"Next.js SSG",Next.js,"Static Site Generation",SLOW3G,"Blog List",/blog,https://render-strategy-demo-next-app-ssg.vercel.app/blog,https://render-strategy-demo-next-app-ssg.vercel.app/blog/,2025-06-12T07:44:47.031Z,1.91,87,5.57,18,1.91,100,5.57,70,73,99,0,100
6,"Next.js SSG",Next.js,"Static Site Generation",SLOW3G,"Blog List",/blog,https://render-strategy-demo-next-app-ssg.vercel.app/blog,https://render-strategy-demo-next-app-ssg.vercel.app/blog/,2025-06-12T07:45:01.314Z,1.92,86,3.81,55,3.91,82,3.81,89,216,88,0,100
7,"Next.js SSG",Next.js,"Static Site Generation",SLOW3G,"Blog List",/blog,https://render-strategy-demo-next-app-ssg.vercel.app/blog,https://render-strategy-demo-next-app-ssg.vercel.app/blog/,2025-06-12T07:45:15.328Z,1.89,87,4.77,31,3.87,83,4.81,79,42,100,0,100
8,"Next.js SSG",Next.js,"Static Site Generation",SLOW3G,"Blog List",/blog,https://render-strategy-demo-next-app-ssg.vercel.app/blog,https://render-strategy-demo-next-app-ssg.vercel.app/blog/,2025-06-12T07:45:29.471Z,1.89,87,4.77,31,3.84,83,4.81,79,43,100,0,100
9,"Next.js SSG",Next.js,"Static Site Generation",SLOW3G,"Blog List",/blog,https://render-strategy-demo-next-app-ssg.vercel.app/blog,https://render-strategy-demo-next-app-ssg.vercel.app/blog/,2025-06-12T07:45:42.322Z,1.92,86,5.75,16,1.92,100,5.75,67,81,99,0,100
10,"Next.js SSG",Next.js,"Static Site Generation",SLOW3G,"Blog List",/blog,https://render-strategy-demo-next-app-ssg.vercel.app/blog,https://render-strategy-demo-next-app-ssg.vercel.app/blog/,2025-06-12T07:45:55.094Z,1.89,87,5.34,21,1.89,100,5.34,72,76,99,0,100