Run,App_Name,Framework,Strategy,Profile,Page_Name,Page_Path,Tested_URL,Final_URL,Timestamp,First Contentful Paint_Value,First Contentful Paint_Score_%,Largest Contentful Paint_Value,Largest Contentful Paint_Score_%,Speed Index_Value,Speed Index_Score_%,Interactive_Value,Interactive_Score_%,Total Blocking Time_Value,Total Blocking Time_Score_%,Cumulative Layout Shift_Value,Cumulative Layout Shift_Score_%
1,"Nuxt.js SSG",Nuxt.js,"Static Site Generation",SLOW3G,"About Page",/about,https://render-strategy-demo-nuxt-app-ssg.vercel.app/about,https://render-strategy-demo-nuxt-app-ssg.vercel.app/about,2025-06-12T07:07:16.629Z,5,10,5.55,18,5,63,5.55,70,0,100,0,100
2,"Nuxt.js SSG",Nuxt.js,"Static Site Generation",SLOW3G,"About Page",/about,https://render-strategy-demo-nuxt-app-ssg.vercel.app/about,https://render-strategy-demo-nuxt-app-ssg.vercel.app/about,2025-06-12T07:07:28.046Z,4.98,10,5.64,17,4.98,64,5.64,69,0,100,0,100
3,"Nuxt.js SSG",Nuxt.js,"Static Site Generation",SLOW3G,"About Page",/about,https://render-strategy-demo-nuxt-app-ssg.vercel.app/about,https://render-strategy-demo-nuxt-app-ssg.vercel.app/about,2025-06-12T07:07:40.501Z,4.98,10,5.47,19,4.98,64,5.47,71,0,100,0,100
4,"Nuxt.js SSG",Nuxt.js,"Static Site Generation",SLOW3G,"About Page",/about,https://render-strategy-demo-nuxt-app-ssg.vercel.app/about,https://render-strategy-demo-nuxt-app-ssg.vercel.app/about,2025-06-12T07:07:52.666Z,4.97,10,5.33,21,4.97,64,5.33,73,0,100,0,100
5,"Nuxt.js SSG",Nuxt.js,"Static Site Generation",SLOW3G,"About Page",/about,https://render-strategy-demo-nuxt-app-ssg.vercel.app/about,https://render-strategy-demo-nuxt-app-ssg.vercel.app/about,2025-06-12T07:08:04.320Z,5.12,8,5.59,18,5.12,61,5.59,69,0,100,0,100
6,"Nuxt.js SSG",Nuxt.js,"Static Site Generation",SLOW3G,"About Page",/about,https://render-strategy-demo-nuxt-app-ssg.vercel.app/about,https://render-strategy-demo-nuxt-app-ssg.vercel.app/about,2025-06-12T07:08:15.545Z,4.98,10,5.44,20,4.98,64,5.44,71,0,100,0,100
7,"Nuxt.js SSG",Nuxt.js,"Static Site Generation",SLOW3G,"About Page",/about,https://render-strategy-demo-nuxt-app-ssg.vercel.app/about,https://render-strategy-demo-nuxt-app-ssg.vercel.app/about,2025-06-12T07:08:26.672Z,4.98,10,5.4,20,4.98,64,5.4,72,0,100,0,100
8,"Nuxt.js SSG",Nuxt.js,"Static Site Generation",SLOW3G,"About Page",/about,https://render-strategy-demo-nuxt-app-ssg.vercel.app/about,https://render-strategy-demo-nuxt-app-ssg.vercel.app/about,2025-06-12T07:08:38.347Z,4.99,10,5.45,19,4.99,64,5.45,71,0,100,0,100
9,"Nuxt.js SSG",Nuxt.js,"Static Site Generation",SLOW3G,"About Page",/about,https://render-strategy-demo-nuxt-app-ssg.vercel.app/about,https://render-strategy-demo-nuxt-app-ssg.vercel.app/about,2025-06-12T07:08:49.997Z,5.01,9,5.46,19,5.01,63,5.46,71,0,100,0,100
10,"Nuxt.js SSG",Nuxt.js,"Static Site Generation",SLOW3G,"About Page",/about,https://render-strategy-demo-nuxt-app-ssg.vercel.app/about,https://render-strategy-demo-nuxt-app-ssg.vercel.app/about,2025-06-12T07:09:01.573Z,4.98,10,5.44,20,4.98,64,5.44,71,0,100,0,100