Run,App_Name,Framework,Strategy,Profile,Page_Name,Page_Path,Tested_URL,Final_URL,Timestamp,First Contentful Paint_Value,First Contentful Paint_Score_%,Largest Contentful Paint_Value,Largest Contentful Paint_Score_%,Speed Index_Value,Speed Index_Score_%,Interactive_Value,Interactive_Score_%,Total Blocking Time_Value,Total Blocking Time_Score_%,Cumulative Layout Shift_Value,Cumulative Layout Shift_Score_%
1,"Nuxt.js SSG",Nuxt.js,"Static Site Generation",SLOW3G,"Blog Post",/blog/1,https://render-strategy-demo-nuxt-app-ssg.vercel.app/blog/1,https://render-strategy-demo-nuxt-app-ssg.vercel.app/blog/1,2025-06-12T08:52:10.766Z,5.27,7,5.88,14,5.27,59,5.88,66,0,100,0,100
2,"Nuxt.js SSG",Nuxt.js,"Static Site Generation",SLOW3G,"Blog Post",/blog/1,https://render-strategy-demo-nuxt-app-ssg.vercel.app/blog/1,https://render-strategy-demo-nuxt-app-ssg.vercel.app/blog/1,2025-06-12T08:52:23.435Z,5.26,7,6.53,9,5.26,59,6.53,58,0,100,0.001,100
3,"Nuxt.js SSG",Nuxt.js,"Static Site Generation",SLOW3G,"Blog Post",/blog/1,https://render-strategy-demo-nuxt-app-ssg.vercel.app/blog/1,https://render-strategy-demo-nuxt-app-ssg.vercel.app/blog/1,2025-06-12T08:52:35.634Z,5.29,7,5.78,15,5.29,58,5.78,67,0,100,0,100
4,"Nuxt.js SSG",Nuxt.js,"Static Site Generation",SLOW3G,"Blog Post",/blog/1,https://render-strategy-demo-nuxt-app-ssg.vercel.app/blog/1,https://render-strategy-demo-nuxt-app-ssg.vercel.app/blog/1,2025-06-12T08:52:47.401Z,5.39,7,5.74,16,5.39,56,5.74,68,0,100,0,100
5,"Nuxt.js SSG",Nuxt.js,"Static Site Generation",SLOW3G,"Blog Post",/blog/1,https://render-strategy-demo-nuxt-app-ssg.vercel.app/blog/1,https://render-strategy-demo-nuxt-app-ssg.vercel.app/blog/1,2025-06-12T08:52:58.953Z,5.26,7,5.81,15,5.26,59,5.81,67,0,100,0,100
6,"Nuxt.js SSG",Nuxt.js,"Static Site Generation",SLOW3G,"Blog Post",/blog/1,https://render-strategy-demo-nuxt-app-ssg.vercel.app/blog/1,https://render-strategy-demo-nuxt-app-ssg.vercel.app/blog/1,2025-06-12T08:53:11.047Z,5.26,7,6.06,12,5.26,59,6.06,64,0,100,0,100
7,"Nuxt.js SSG",Nuxt.js,"Static Site Generation",SLOW3G,"Blog Post",/blog/1,https://render-strategy-demo-nuxt-app-ssg.vercel.app/blog/1,https://render-strategy-demo-nuxt-app-ssg.vercel.app/blog/1,2025-06-12T08:53:23.138Z,5.29,7,5.68,16,5.29,58,5.68,68,0,100,0,100
8,"Nuxt.js SSG",Nuxt.js,"Static Site Generation",SLOW3G,"Blog Post",/blog/1,https://render-strategy-demo-nuxt-app-ssg.vercel.app/blog/1,https://render-strategy-demo-nuxt-app-ssg.vercel.app/blog/1,2025-06-12T08:53:35.182Z,5.25,8,5.85,14,5.25,59,5.85,66,0,100,0,100
9,"Nuxt.js SSG",Nuxt.js,"Static Site Generation",SLOW3G,"Blog Post",/blog/1,https://render-strategy-demo-nuxt-app-ssg.vercel.app/blog/1,https://render-strategy-demo-nuxt-app-ssg.vercel.app/blog/1,2025-06-12T08:53:50.702Z,5.31,7,7.52,4,6.49,39,7.52,47,0,100,0,100
10,"Nuxt.js SSG",Nuxt.js,"Static Site Generation",SLOW3G,"Blog Post",/blog/1,https://render-strategy-demo-nuxt-app-ssg.vercel.app/blog/1,https://render-strategy-demo-nuxt-app-ssg.vercel.app/blog/1,2025-06-12T08:54:06.622Z,5.31,7,6.85,7,5.98,47,6.85,54,0,100,0,100