Run,App_Name,Framework,Strategy,Profile,Page_Name,Page_Path,Tested_URL,Final_URL,Timestamp,First Contentful Paint_Value,First Contentful Paint_Score_%,Largest Contentful Paint_Value,Largest Contentful Paint_Score_%,Speed Index_Value,Speed Index_Score_%,Interactive_Value,Interactive_Score_%,Total Blocking Time_Value,Total Blocking Time_Score_%,Cumulative Layout Shift_Value,Cumulative Layout Shift_Score_%
1,"Nuxt.js SSG",Nuxt.js,"Static Site Generation",SLOW3G,"Blog List",/blog,https://render-strategy-demo-nuxt-app-ssg.vercel.app/blog,https://render-strategy-demo-nuxt-app-ssg.vercel.app/blog,2025-06-12T07:46:09.895Z,5.25,8,5.57,18,5.25,59,5.57,70,0,100,0.029,100
2,"Nuxt.js SSG",Nuxt.js,"Static Site Generation",SLOW3G,"Blog List",/blog,https://render-strategy-demo-nuxt-app-ssg.vercel.app/blog,https://render-strategy-demo-nuxt-app-ssg.vercel.app/blog,2025-06-12T07:46:26.995Z,5.31,7,5.64,17,5.31,58,5.64,69,0,100,0,100
3,"Nuxt.js SSG",Nuxt.js,"Static Site Generation",SLOW3G,"Blog List",/blog,https://render-strategy-demo-nuxt-app-ssg.vercel.app/blog,https://render-strategy-demo-nuxt-app-ssg.vercel.app/blog,2025-06-12T07:46:45.256Z,5.31,7,6.2,11,5.57,53,6.2,62,0,100,0,100
4,"Nuxt.js SSG",Nuxt.js,"Static Site Generation",SLOW3G,"Blog List",/blog,https://render-strategy-demo-nuxt-app-ssg.vercel.app/blog,https://render-strategy-demo-nuxt-app-ssg.vercel.app/blog,2025-06-12T07:47:02.654Z,5.3,7,5.63,17,5.3,58,5.63,69,0,100,0,100
5,"Nuxt.js SSG",Nuxt.js,"Static Site Generation",SLOW3G,"Blog List",/blog,https://render-strategy-demo-nuxt-app-ssg.vercel.app/blog,https://render-strategy-demo-nuxt-app-ssg.vercel.app/blog,2025-06-12T07:47:20.022Z,5.3,7,5.62,17,5.3,58,5.62,69,0,100,0,100
6,"Nuxt.js SSG",Nuxt.js,"Static Site Generation",SLOW3G,"Blog List",/blog,https://render-strategy-demo-nuxt-app-ssg.vercel.app/blog,https://render-strategy-demo-nuxt-app-ssg.vercel.app/blog,2025-06-12T07:47:37.610Z,5.31,7,5.64,17,5.31,58,5.64,69,0,100,0,100
7,"Nuxt.js SSG",Nuxt.js,"Static Site Generation",SLOW3G,"Blog List",/blog,https://render-strategy-demo-nuxt-app-ssg.vercel.app/blog,https://render-strategy-demo-nuxt-app-ssg.vercel.app/blog,2025-06-12T07:47:55.913Z,5.33,7,5.66,17,7.36,28,5.66,68,0,100,0,100
8,"Nuxt.js SSG",Nuxt.js,"Static Site Generation",SLOW3G,"Blog List",/blog,https://render-strategy-demo-nuxt-app-ssg.vercel.app/blog,https://render-strategy-demo-nuxt-app-ssg.vercel.app/blog,2025-06-12T07:48:14.117Z,5.27,7,6.18,11,5.55,54,6.18,62,0,100,0,100
9,"Nuxt.js SSG",Nuxt.js,"Static Site Generation",SLOW3G,"Blog List",/blog,https://render-strategy-demo-nuxt-app-ssg.vercel.app/blog,https://render-strategy-demo-nuxt-app-ssg.vercel.app/blog,2025-06-12T07:48:32.258Z,5.25,8,5.57,18,7.29,29,5.57,70,0,100,0,100
10,"Nuxt.js SSG",Nuxt.js,"Static Site Generation",SLOW3G,"Blog List",/blog,https://render-strategy-demo-nuxt-app-ssg.vercel.app/blog,https://render-strategy-demo-nuxt-app-ssg.vercel.app/blog,2025-06-12T07:48:50.261Z,5.29,7,5.61,17,5.29,58,5.61,69,0,100,0,100