Run,App_Name,Framework,Strategy,Profile,Page_Name,Page_Path,Tested_URL,Final_URL,Timestamp,First Contentful Paint_Value,First Contentful Paint_Score_%,Largest Contentful Paint_Value,Largest Contentful Paint_Score_%,Speed Index_Value,Speed Index_Score_%,Interactive_Value,Interactive_Score_%,Total Blocking Time_Value,Total Blocking Time_Score_%,Cumulative Layout Shift_Value,Cumulative Layout Shift_Score_%
1,"SvelteKit SSG",SvelteKit,"Static Site Generation",SLOW3G,"Blog List",/blog,https://render-strategy-demo-sveltekit-app-nine.vercel.app/blog,https://render-strategy-demo-sveltekit-app-nine.vercel.app/blog,2025-06-12T07:49:00.835Z,5,10,5.32,21,5.12,61,5.32,73,0,100,0,100
2,"SvelteKit SSG",SvelteKit,"Static Site Generation",SLOW3G,"Blog List",/blog,https://render-strategy-demo-sveltekit-app-nine.vercel.app/blog,https://render-strategy-demo-sveltekit-app-nine.vercel.app/blog,2025-06-12T07:49:13.021Z,4.96,10,5.28,22,5.16,61,5.28,73,0,100,0,100
3,"SvelteKit SSG",SvelteKit,"Static Site Generation",SLOW3G,"Blog List",/blog,https://render-strategy-demo-sveltekit-app-nine.vercel.app/blog,https://render-strategy-demo-sveltekit-app-nine.vercel.app/blog,2025-06-12T07:49:24.588Z,5.45,6,5.67,17,5.63,52,5.67,68,0,100,0,100
4,"SvelteKit SSG",SvelteKit,"Static Site Generation",SLOW3G,"Blog List",/blog,https://render-strategy-demo-sveltekit-app-nine.vercel.app/blog,https://render-strategy-demo-sveltekit-app-nine.vercel.app/blog,2025-06-12T07:49:36.577Z,4.98,10,5.71,16,5.53,54,5.71,68,0,100,0,100
5,"SvelteKit SSG",SvelteKit,"Static Site Generation",SLOW3G,"Blog List",/blog,https://render-strategy-demo-sveltekit-app-nine.vercel.app/blog,https://render-strategy-demo-sveltekit-app-nine.vercel.app/blog,2025-06-12T07:49:48.748Z,5,10,5.41,20,5.29,58,5.41,72,0,100,0,100
6,"SvelteKit SSG",SvelteKit,"Static Site Generation",SLOW3G,"Blog List",/blog,https://render-strategy-demo-sveltekit-app-nine.vercel.app/blog,https://render-strategy-demo-sveltekit-app-nine.vercel.app/blog,2025-06-12T07:50:00.723Z,5.01,9,5.35,21,5.08,62,5.35,72,0,100,0,100
7,"SvelteKit SSG",SvelteKit,"Static Site Generation",SLOW3G,"Blog List",/blog,https://render-strategy-demo-sveltekit-app-nine.vercel.app/blog,https://render-strategy-demo-sveltekit-app-nine.vercel.app/blog,2025-06-12T07:50:13.034Z,5.06,9,5.41,20,5.2,60,5.41,72,0,100,0,100
8,"SvelteKit SSG",SvelteKit,"Static Site Generation",SLOW3G,"Blog List",/blog,https://render-strategy-demo-sveltekit-app-nine.vercel.app/blog,https://render-strategy-demo-sveltekit-app-nine.vercel.app/blog,2025-06-12T07:50:24.614Z,4.92,10,5.23,23,4.98,64,5.23,74,0,100,0,100
9,"SvelteKit SSG",SvelteKit,"Static Site Generation",SLOW3G,"Blog List",/blog,https://render-strategy-demo-sveltekit-app-nine.vercel.app/blog,https://render-strategy-demo-sveltekit-app-nine.vercel.app/blog,2025-06-12T07:50:37.256Z,5.05,9,5.38,21,5.06,62,5.38,72,0,100,0,100
10,"SvelteKit SSG",SvelteKit,"Static Site Generation",SLOW3G,"Blog List",/blog,https://render-strategy-demo-sveltekit-app-nine.vercel.app/blog,https://render-strategy-demo-sveltekit-app-nine.vercel.app/blog,2025-06-12T07:50:49.008Z,4.97,10,5.29,22,4.97,64,5.29,73,0,100,0.029,100