Run,App_Name,Framework,Strategy,Profile,Page_Name,Page_Path,Tested_URL,Final_URL,Timestamp,First Contentful Paint_Value,First Contentful Paint_Score_%,Largest Contentful Paint_Value,Largest Contentful Paint_Score_%,Speed Index_Value,Speed Index_Score_%,Interactive_Value,Interactive_Score_%,Total Blocking Time_Value,Total Blocking Time_Score_%,Cumulative Layout Shift_Value,Cumulative Layout Shift_Score_%
1,"SvelteKit SSG",SvelteKit,"Static Site Generation",SLOW3G,"Blog Post",/blog/1,https://render-strategy-demo-sveltekit-app-nine.vercel.app/blog/1,https://render-strategy-demo-sveltekit-app-nine.vercel.app/blog/1,2025-06-12T08:54:18.487Z,5.29,7,6.74,7,8.38,19,6.74,56,0,100,0,100
2,"SvelteKit SSG",SvelteKit,"Static Site Generation",SLOW3G,"Blog Post",/blog/1,https://render-strategy-demo-sveltekit-app-nine.vercel.app/blog/1,https://render-strategy-demo-sveltekit-app-nine.vercel.app/blog/1,2025-06-12T08:54:29.937Z,5.01,9,6.88,6,6.42,40,6.88,54,0,100,0,100
3,"SvelteKit SSG",SvelteKit,"Static Site Generation",SLOW3G,"Blog Post",/blog/1,https://render-strategy-demo-sveltekit-app-nine.vercel.app/blog/1,https://render-strategy-demo-sveltekit-app-nine.vercel.app/blog/1,2025-06-12T08:54:44.141Z,5.04,9,6.76,7,6.66,37,6.76,55,0,100,0,100
4,"SvelteKit SSG",SvelteKit,"Static Site Generation",SLOW3G,"Blog Post",/blog/1,https://render-strategy-demo-sveltekit-app-nine.vercel.app/blog/1,https://render-strategy-demo-sveltekit-app-nine.vercel.app/blog/1,2025-06-12T08:54:57.028Z,4.98,10,5.97,13,5.43,56,5.97,65,0,100,0,100
5,"SvelteKit SSG",SvelteKit,"Static Site Generation",SLOW3G,"Blog Post",/blog/1,https://render-strategy-demo-sveltekit-app-nine.vercel.app/blog/1,https://render-strategy-demo-sveltekit-app-nine.vercel.app/blog/1,2025-06-12T08:55:09.770Z,4.97,10,5.84,15,5.3,58,5.84,66,0,100,0,100
6,"SvelteKit SSG",SvelteKit,"Static Site Generation",SLOW3G,"Blog Post",/blog/1,https://render-strategy-demo-sveltekit-app-nine.vercel.app/blog/1,https://render-strategy-demo-sveltekit-app-nine.vercel.app/blog/1,2025-06-12T08:55:21.841Z,4.99,10,5.45,19,5.01,63,5.45,71,0,100,0,100
7,"SvelteKit SSG",SvelteKit,"Static Site Generation",SLOW3G,"Blog Post",/blog/1,https://render-strategy-demo-sveltekit-app-nine.vercel.app/blog/1,https://render-strategy-demo-sveltekit-app-nine.vercel.app/blog/1,2025-06-12T08:55:35.267Z,4.97,10,6.2,11,5.72,51,6.2,62,0,100,0,100
8,"SvelteKit SSG",SvelteKit,"Static Site Generation",SLOW3G,"Blog Post",/blog/1,https://render-strategy-demo-sveltekit-app-nine.vercel.app/blog/1,https://render-strategy-demo-sveltekit-app-nine.vercel.app/blog/1,2025-06-12T08:55:49.083Z,5,9,6.11,12,5.74,51,6.11,63,0,100,0,100
9,"SvelteKit SSG",SvelteKit,"Static Site Generation",SLOW3G,"Blog Post",/blog/1,https://render-strategy-demo-sveltekit-app-nine.vercel.app/blog/1,https://render-strategy-demo-sveltekit-app-nine.vercel.app/blog/1,2025-06-12T08:56:00.226Z,5.03,9,5.19,23,5.03,63,5.21,74,0,100,0,100
10,"SvelteKit SSG",SvelteKit,"Static Site Generation",SLOW3G,"Blog Post",/blog/1,https://render-strategy-demo-sveltekit-app-nine.vercel.app/blog/1,https://render-strategy-demo-sveltekit-app-nine.vercel.app/blog/1,2025-06-12T08:56:12.403Z,3.08,47,6.21,11,3.54,88,6.21,62,3,100,0.001,100