Run,App_Name,Framework,Strategy,Profile,Page_Name,Page_Path,Tested_URL,Final_URL,Timestamp,First Contentful Paint_Value,First Contentful Paint_Score_%,Largest Contentful Paint_Value,Largest Contentful Paint_Score_%,Speed Index_Value,Speed Index_Score_%,Interactive_Value,Interactive_Score_%,Total Blocking Time_Value,Total Blocking Time_Score_%,Cumulative Layout Shift_Value,Cumulative Layout Shift_Score_%
1,"SvelteKit SSG",SvelteKit,"Static Site Generation",SLOW3G,"About Page",/about,https://render-strategy-demo-sveltekit-app-nine.vercel.app/about,https://render-strategy-demo-sveltekit-app-nine.vercel.app/about,2025-06-12T07:09:11.595Z,5.02,9,5.63,17,5.02,63,5.63,69,0,100,0,100
2,"SvelteKit SSG",SvelteKit,"Static Site Generation",SLOW3G,"About Page",/about,https://render-strategy-demo-sveltekit-app-nine.vercel.app/about,https://render-strategy-demo-sveltekit-app-nine.vercel.app/about,2025-06-12T07:09:24.972Z,4.97,10,5.43,20,4.97,64,5.43,71,0,100,0,100
3,"SvelteKit SSG",SvelteKit,"Static Site Generation",SLOW3G,"About Page",/about,https://render-strategy-demo-sveltekit-app-nine.vercel.app/about,https://render-strategy-demo-sveltekit-app-nine.vercel.app/about,2025-06-12T07:09:37.029Z,5,10,5.45,19,5,63,5.45,71,0,100,0,100
4,"SvelteKit SSG",SvelteKit,"Static Site Generation",SLOW3G,"About Page",/about,https://render-strategy-demo-sveltekit-app-nine.vercel.app/about,https://render-strategy-demo-sveltekit-app-nine.vercel.app/about,2025-06-12T07:09:49.040Z,4.99,10,5.54,18,4.99,63,5.54,70,0,100,0,100
5,"SvelteKit SSG",SvelteKit,"Static Site Generation",SLOW3G,"About Page",/about,https://render-strategy-demo-sveltekit-app-nine.vercel.app/about,https://render-strategy-demo-sveltekit-app-nine.vercel.app/about,2025-06-12T07:10:01.852Z,4.92,10,5.33,21,4.92,65,5.33,72,0,100,0,100
6,"SvelteKit SSG",SvelteKit,"Static Site Generation",SLOW3G,"About Page",/about,https://render-strategy-demo-sveltekit-app-nine.vercel.app/about,https://render-strategy-demo-sveltekit-app-nine.vercel.app/about,2025-06-12T07:10:13.114Z,5.03,9,5.76,16,5.03,63,5.76,67,0,100,0,100
7,"SvelteKit SSG",SvelteKit,"Static Site Generation",SLOW3G,"About Page",/about,https://render-strategy-demo-sveltekit-app-nine.vercel.app/about,https://render-strategy-demo-sveltekit-app-nine.vercel.app/about,2025-06-12T07:10:24.193Z,4.91,10,5.95,13,4.91,65,5.95,65,0,100,0,100
8,"SvelteKit SSG",SvelteKit,"Static Site Generation",SLOW3G,"About Page",/about,https://render-strategy-demo-sveltekit-app-nine.vercel.app/about,https://render-strategy-demo-sveltekit-app-nine.vercel.app/about,2025-06-12T07:10:36.155Z,5.1,9,5.61,17,5.1,62,5.61,69,0,100,0,100
9,"SvelteKit SSG",SvelteKit,"Static Site Generation",SLOW3G,"About Page",/about,https://render-strategy-demo-sveltekit-app-nine.vercel.app/about,https://render-strategy-demo-sveltekit-app-nine.vercel.app/about,2025-06-12T07:10:48.439Z,4.99,10,6.65,8,7.21,30,6.65,57,0,100,0.098,90
10,"SvelteKit SSG",SvelteKit,"Static Site Generation",SLOW3G,"About Page",/about,https://render-strategy-demo-sveltekit-app-nine.vercel.app/about,https://render-strategy-demo-sveltekit-app-nine.vercel.app/about,2025-06-12T07:10:59.557Z,4.97,10,5.39,20,4.97,64,5.39,72,0,100,0,100