App_Name,Framework,Strategy,Profile,Page_Name,Page_Path,Tested_URL,Final_URL,Total_Runs,First Contentful Paint_Avg_Value,First Contentful Paint_Avg_Score_%,First Contentful Paint_Min_Value,First Contentful Paint_Max_Value,Largest Contentful Paint_Avg_Value,Largest Contentful Paint_Avg_Score_%,Largest Contentful Paint_Min_Value,Largest Contentful Paint_Max_Value,Speed Index_Avg_Value,Speed Index_Avg_Score_%,Speed Index_Min_Value,Speed Index_Max_Value,Interactive_Avg_Value,Interactive_Avg_Score_%,Interactive_Min_Value,Interactive_Max_Value,Total Blocking Time_Avg_Value,Total Blocking Time_Avg_Score_%,Total Blocking Time_Min_Value,Total Blocking Time_Max_Value,Cumulative Layout Shift_Avg_Value,Cumulative Layout Shift_Avg_Score_%,Cumulative Layout Shift_Min_Value,Cumulative Layout Shift_Max_Value
"Next.js CSR",Next.js,"Client-Side Rendering",SLOW3G,"Blog Post",/blog/1,https://render-strategy-demo-csr-next-app-c.vercel.app/blog/1,https://render-strategy-demo-csr-next-app-c.vercel.app/blog/1/,10,1.56,95,1.54,1.58,6.46,9,6.35,7.22,2.16,98,1.82,4.08,6.46,59,6.35,7.22,117.5,96,46,280,0.3,40,0.299,0.299
"Nuxt.js CSR",Nuxt.js,"Client-Side Rendering",SLOW3G,"Blog Post",/blog/1,https://render-strategy-demo-csr-nuxt-app-c.vercel.app/blog/1,https://render-strategy-demo-csr-nuxt-app-c.vercel.app/blog/1,10,4.66,15,3.06,5.03,5.2,23,5.06,5.68,7.11,33,3.53,7.59,5.22,74,5.08,5.68,0,100,0,0,0,100,0.001,0.001
"SvelteKit CSR",SvelteKit,"Client-Side Rendering",SLOW3G,"Blog Post",/blog/1,https://render-strategy-demo-csr-sveltekit.vercel.app/blog/1,https://render-strategy-demo-csr-sveltekit.vercel.app/blog/1,10,4.99,10,4.95,5.15,5.84,16,5.15,7.41,7.23,30,7.17,7.34,5.85,67,5.17,7.41,0,100,0,0,0,100,0,0
"Next.js SSR",Next.js,"Server-Side Rendering",SLOW3G,"Blog Post",/blog/1,https://render-strategy-demo-next-app-ssr.vercel.app/blog/1,https://render-strategy-demo-next-app-ssr.vercel.app/blog/1,10,1.86,88,1.82,1.95,5.79,17,5.3,7.84,2.42,97,1.99,3.89,5.79,67,5.3,7.84,102.5,97,56,205,0,100,0,0
"Nuxt.js SSR",Nuxt.js,"Server-Side Rendering",SLOW3G,"Blog Post",/blog/1,https://render-strategy-demo-nuxt-app-ssr.vercel.app/blog/1,https://render-strategy-demo-nuxt-app-ssr.vercel.app/blog/1,10,5.29,7,5.25,5.33,5.29,22,5.25,5.33,5.31,58,5.25,5.41,5.29,73,5.25,5.33,0,100,0,0,0,100,0,0
"SvelteKit SSR",SvelteKit,"Server-Side Rendering",SLOW3G,"Blog Post",/blog/1,https://render-strategy-demo-sveltekit-app.vercel.app/blog/1,https://render-strategy-demo-sveltekit-app.vercel.app/blog/1,10,4.98,10,4.93,5.02,5.62,17,5.3,6.27,5.44,56,5.24,6.01,5.62,69,5.3,6.27,0,100,0,0,0,100,0,0
"Next.js SSG",Next.js,"Static Site Generation",SLOW3G,"Blog Post",/blog/1,https://render-strategy-demo-next-app-ssg.vercel.app/blog/1,https://render-strategy-demo-next-app-ssg.vercel.app/blog/1/,10,1.82,89,1.81,1.82,5.77,16,5.47,5.93,1.83,100,1.81,1.9,5.77,67,5.47,5.93,67.1,100,51,96,0,100,0,0
"Nuxt.js SSG",Nuxt.js,"Static Site Generation",SLOW3G,"Blog Post",/blog/1,https://render-strategy-demo-nuxt-app-ssg.vercel.app/blog/1,https://render-strategy-demo-nuxt-app-ssg.vercel.app/blog/1,10,5.29,7,5.25,5.39,6.17,12,5.68,7.52,5.47,55,5.25,6.49,6.17,63,5.68,7.52,0,100,0,0,0,100,0,0.001
"SvelteKit SSG",SvelteKit,"Static Site Generation",SLOW3G,"Blog Post",/blog/1,https://render-strategy-demo-sveltekit-app-nine.vercel.app/blog/1,https://render-strategy-demo-sveltekit-app-nine.vercel.app/blog/1,10,4.84,13,3.08,5.29,6.14,12,5.19,6.88,5.72,53,3.54,8.38,6.14,63,5.21,6.88,0.3,100,0,3,0,100,0,0.001
"Next.js ISR",Next.js,"Incremental Static Regeneration",SLOW3G,"Blog Post",/blog/1,https://render-strategy-demo-next-app-isr.vercel.app/blog/1,https://render-strategy-demo-next-app-isr.vercel.app/blog/1,10,1.9,87,1.82,2.17,5.56,19,4.71,6.78,3.31,87,1.83,4.71,5.56,70,4.72,6.78,59.3,100,33,81,0,100,0,0
"Nuxt.js ISR",Nuxt.js,"Incremental Static Regeneration",SLOW3G,"Blog Post",/blog/1,https://render-strategy-demo-nuxt-app-isr.vercel.app/blog/1,https://render-strategy-demo-nuxt-app-isr.vercel.app/blog/1,10,5.29,7,5.26,5.32,5.29,22,5.26,5.32,5.29,58,5.26,5.32,5.29,73,5.26,5.32,0,100,0,0,0,100,0,0
"SvelteKit ISR",SvelteKit,"Incremental Static Regeneration",SLOW3G,"Blog Post",/blog/1,https://render-strategy-demo-sveltekit-app-rho.vercel.app/blog/1,https://render-strategy-demo-sveltekit-app-rho.vercel.app/blog/1,10,5.01,9,4.97,5.13,5.79,16,5.4,6.69,5.21,60,4.98,5.65,5.79,67,5.4,6.69,0,100,0,0,0,100,0,0