App_Name,Framework,Strategy,Profile,Page_Name,Page_Path,Tested_URL,Final_URL,Total_Runs,First Contentful Paint_Avg_Value,First Contentful Paint_Avg_Score_%,First Contentful Paint_Min_Value,First Contentful Paint_Max_Value,Largest Contentful Paint_Avg_Value,Largest Contentful Paint_Avg_Score_%,Largest Contentful Paint_Min_Value,Largest Contentful Paint_Max_Value,Speed Index_Avg_Value,Speed Index_Avg_Score_%,Speed Index_Min_Value,Speed Index_Max_Value,Interactive_Avg_Value,Interactive_Avg_Score_%,Interactive_Min_Value,Interactive_Max_Value,Total Blocking Time_Avg_Value,Total Blocking Time_Avg_Score_%,Total Blocking Time_Min_Value,Total Blocking Time_Max_Value,Cumulative Layout Shift_Avg_Value,Cumulative Layout Shift_Avg_Score_%,Cumulative Layout Shift_Min_Value,Cumulative Layout Shift_Max_Value
"Next.js CSR",Next.js,"Client-Side Rendering",SLOW3G,"About Page",/about,https://render-strategy-demo-csr-next-app-c.vercel.app/about,https://render-strategy-demo-csr-next-app-c.vercel.app/about/,10,1.82,89,1.82,1.84,5.56,18,5.37,5.86,2.45,95,1.82,4.1,5.56,70,5.37,5.86,55.2,100,35,102,0,100,0,0
"Nuxt.js CSR",Nuxt.js,"Client-Side Rendering",SLOW3G,"About Page",/about,https://render-strategy-demo-csr-nuxt-app-c.vercel.app/about,https://render-strategy-demo-csr-nuxt-app-c.vercel.app/about,10,4.84,13,3.08,5.17,4.9,29,3.62,5.17,7.09,33,3.08,7.58,4.9,77,3.62,5.17,0,100,0,0,0.01,99,0.002,0.101
"SvelteKit CSR",SvelteKit,"Client-Side Rendering",SLOW3G,"About Page",/about,https://render-strategy-demo-csr-sveltekit.vercel.app/about,https://render-strategy-demo-csr-sveltekit.vercel.app/about,10,4.99,10,4.93,5.08,5.43,20,4.95,5.62,7.25,29,7.16,7.62,5.43,71,4.95,5.62,0,100,0,0,0,100,0,0.044
"Next.js SSR",Next.js,"Server-Side Rendering",SLOW3G,"About Page",/about,https://render-strategy-demo-next-app-ssr.vercel.app/about,https://render-strategy-demo-next-app-ssr.vercel.app/about,10,2.04,82,1.81,2.55,5.48,19,5.25,5.78,3.54,78,1.81,7.41,5.48,71,5.25,5.78,53.7,100,36,79,0,100,0,0
"Nuxt.js SSR",Nuxt.js,"Server-Side Rendering",SLOW3G,"About Page",/about,https://render-strategy-demo-nuxt-app-ssr.vercel.app/about,https://render-strategy-demo-nuxt-app-ssr.vercel.app/about,10,4.99,10,4.95,5.01,4.99,27,4.95,5.01,5,63,4.95,5.07,4.99,77,4.95,5.01,0,100,0,0,0,100,0,0
"SvelteKit SSR",SvelteKit,"Server-Side Rendering",SLOW3G,"About Page",/about,https://render-strategy-demo-sveltekit-app.vercel.app/about,https://render-strategy-demo-sveltekit-app.vercel.app/about,10,5,10,4.95,5.07,5.82,15,5.32,6.57,5.51,56,4.97,7.51,5.82,67,5.32,6.57,0,100,0,0,0.01,99,0,0.098
"Next.js SSG",Next.js,"Static Site Generation",SLOW3G,"About Page",/about,https://render-strategy-demo-next-app-ssg.vercel.app/about,https://render-strategy-demo-next-app-ssg.vercel.app/about/,10,1.83,89,1.82,1.87,5.44,20,5.23,5.59,2.57,94,1.82,3.97,5.44,71,5.23,5.59,61.6,100,42,83,0,100,0,0
"Nuxt.js SSG",Nuxt.js,"Static Site Generation",SLOW3G,"About Page",/about,https://render-strategy-demo-nuxt-app-ssg.vercel.app/about,https://render-strategy-demo-nuxt-app-ssg.vercel.app/about,10,5,10,4.97,5.12,5.48,19,5.33,5.64,5,64,4.97,5.12,5.48,71,5.33,5.64,0,100,0,0,0,100,0,0
"SvelteKit SSG",SvelteKit,"Static Site Generation",SLOW3G,"About Page",/about,https://render-strategy-demo-sveltekit-app-nine.vercel.app/about,https://render-strategy-demo-sveltekit-app-nine.vercel.app/about,10,4.99,10,4.91,5.1,5.67,17,5.33,6.65,5.21,60,4.91,7.21,5.67,68,5.33,6.65,0,100,0,0,0.01,99,0,0.098
"Next.js ISR",Next.js,"Incremental Static Regeneration",SLOW3G,"About Page",/about,https://render-strategy-demo-next-app-isr.vercel.app/about,https://render-strategy-demo-next-app-isr.vercel.app/about,10,1.93,86,1.82,2.55,6.01,15,5.35,7.59,3.36,84,1.82,7.08,6.01,65,5.35,7.59,69.5,99,30,187,0,100,0,0
"Nuxt.js ISR",Nuxt.js,"Incremental Static Regeneration",SLOW3G,"About Page",/about,https://render-strategy-demo-nuxt-app-isr.vercel.app/about,https://render-strategy-demo-nuxt-app-isr.vercel.app/about,10,4.81,13,3.02,5.07,4.84,31,3.32,5.07,4.81,66,3.02,5.07,4.84,78,3.35,5.07,0,100,0,0,0,100,0,0.002
"SvelteKit ISR",SvelteKit,"Incremental Static Regeneration",SLOW3G,"About Page",/about,https://render-strategy-demo-sveltekit-app-rho.vercel.app/about,https://render-strategy-demo-sveltekit-app-rho.vercel.app/about,10,5.02,9,4.94,5.09,5.56,18,5.33,5.86,5.25,60,4.94,7.29,5.56,70,5.33,5.86,0,100,0,0,0.01,99,0,0.098