App_Name,Framework,Strategy,Profile,Page_Name,Page_Path,Tested_URL,Final_URL,Total_Runs,First Contentful Paint_Avg_Value,First Contentful Paint_Avg_Score_%,First Contentful Paint_Min_Value,First Contentful Paint_Max_Value,Largest Contentful Paint_Avg_Value,Largest Contentful Paint_Avg_Score_%,Largest Contentful Paint_Min_Value,Largest Contentful Paint_Max_Value,Speed Index_Avg_Value,Speed Index_Avg_Score_%,Speed Index_Min_Value,Speed Index_Max_Value,Interactive_Avg_Value,Interactive_Avg_Score_%,Interactive_Min_Value,Interactive_Max_Value,Total Blocking Time_Avg_Value,Total Blocking Time_Avg_Score_%,Total Blocking Time_Min_Value,Total Blocking Time_Max_Value,Cumulative Layout Shift_Avg_Value,Cumulative Layout Shift_Avg_Score_%,Cumulative Layout Shift_Min_Value,Cumulative Layout Shift_Max_Value
"Next.js CSR",Next.js,"Client-Side Rendering",SLOW3G,"Blog List",/blog,https://render-strategy-demo-csr-next-app-c.vercel.app/blog,https://render-strategy-demo-csr-next-app-c.vercel.app/blog/,10,1.57,95,1.55,1.6,6.37,10,6.18,6.7,2.32,98,2.07,2.79,6.37,60,6.18,6.7,246.9,85,175,435,0.03,100,0.025,0.025
"Nuxt.js CSR",Nuxt.js,"Client-Side Rendering",SLOW3G,"Blog List",/blog,https://render-strategy-demo-csr-nuxt-app-c.vercel.app/blog,https://render-strategy-demo-csr-nuxt-app-c.vercel.app/blog,10,5.01,10,4.88,5.16,5.01,27,4.88,5.16,7.57,26,7.45,7.82,5.01,77,4.88,5.16,0,100,0,0,0.03,100,0.029,0.029
"SvelteKit CSR",SvelteKit,"Client-Side Rendering",SLOW3G,"Blog List",/blog,https://render-strategy-demo-csr-sveltekit.vercel.app/blog,https://render-strategy-demo-csr-sveltekit.vercel.app/blog,10,5,10,4.98,5.09,5.33,21,5.3,5.42,7.25,29,7.15,7.35,5.33,73,5.3,5.42,0,100,0,0,0,100,0,0
"Next.js SSR",Next.js,"Server-Side Rendering",SLOW3G,"Blog List",/blog,https://render-strategy-demo-next-app-ssr.vercel.app/blog,https://render-strategy-demo-next-app-ssr.vercel.app/blog,10,1.97,85,1.87,2.08,5.57,18,5.37,6.35,3.2,90,2.56,5.33,5.57,70,5.37,6.35,139.4,92,21,299,0,100,0,0
"Nuxt.js SSR",Nuxt.js,"Server-Side Rendering",SLOW3G,"Blog List",/blog,https://render-strategy-demo-nuxt-app-ssr.vercel.app/blog,https://render-strategy-demo-nuxt-app-ssr.vercel.app/blog,10,3.39,37,3.37,3.45,4.92,30,3.37,5.43,3.63,86,3.38,5.46,4.93,77,3.37,5.43,25.3,99,0,131,0.03,100,0.029,0.029
"SvelteKit SSR",SvelteKit,"Server-Side Rendering",SLOW3G,"Blog List",/blog,https://render-strategy-demo-sveltekit-app.vercel.app/blog,https://render-strategy-demo-sveltekit-app.vercel.app/blog,10,4.92,13,3.38,5.41,5.61,18,5.29,5.76,5.89,50,3.38,7.91,5.61,69,5.29,5.76,0.3,100,0,3,0.01,100,0,0.029
"Next.js SSG",Next.js,"Static Site Generation",SLOW3G,"Blog List",/blog,https://render-strategy-demo-next-app-ssg.vercel.app/blog,https://render-strategy-demo-next-app-ssg.vercel.app/blog/,10,1.9,87,1.89,1.92,5.26,24,3.81,5.92,2.5,95,1.89,3.91,5.27,73,3.81,5.92,79.4,98,42,216,0,100,0,0
"Nuxt.js SSG",Nuxt.js,"Static Site Generation",SLOW3G,"Blog List",/blog,https://render-strategy-demo-nuxt-app-ssg.vercel.app/blog,https://render-strategy-demo-nuxt-app-ssg.vercel.app/blog,10,5.29,7,5.25,5.33,5.73,16,5.57,6.2,5.75,51,5.25,7.36,5.73,68,5.57,6.2,0,100,0,0,0,100,0,0.029
"SvelteKit SSG",SvelteKit,"Static Site Generation",SLOW3G,"Blog List",/blog,https://render-strategy-demo-sveltekit-app-nine.vercel.app/blog,https://render-strategy-demo-sveltekit-app-nine.vercel.app/blog,10,5.04,9,4.92,5.45,5.41,20,5.23,5.71,5.2,60,4.97,5.63,5.41,72,5.23,5.71,0,100,0,0,0,100,0,0.029
"Next.js ISR",Next.js,"Incremental Static Regeneration",SLOW3G,"Blog List",/blog,https://render-strategy-demo-next-app-isr.vercel.app/blog,https://render-strategy-demo-next-app-isr.vercel.app/blog,10,2.09,81,1.92,2.34,5.38,21,4.78,6.26,4.34,71,1.92,7.26,5.39,72,4.79,6.26,86.8,98,30,246,0,100,0,0
"Nuxt.js ISR",Nuxt.js,"Incremental Static Regeneration",SLOW3G,"Blog List",/blog,https://render-strategy-demo-nuxt-app-isr.vercel.app/blog,https://render-strategy-demo-nuxt-app-isr.vercel.app/blog,10,5.35,7,5.27,5.47,5.35,21,5.27,5.47,5.54,54,5.27,7.28,5.35,72,5.27,5.47,0,100,0,0,0,100,0,0
"SvelteKit ISR",SvelteKit,"Incremental Static Regeneration",SLOW3G,"Blog List",/blog,https://render-strategy-demo-sveltekit-app-rho.vercel.app/blog,https://render-strategy-demo-sveltekit-app-rho.vercel.app/blog,10,5.01,9,4.95,5.17,5.51,19,5.26,6.84,5.2,60,4.96,6.2,5.51,70,5.26,6.84,0,100,0,0,0,100,0,0