Run,App_Name,Framework,Strategy,Profile,Page_Name,Page_Path,Tested_URL,Final_URL,Timestamp,First Contentful Paint_Value,First Contentful Paint_Score_%,Largest Contentful Paint_Value,Largest Contentful Paint_Score_%,Speed Index_Value,Speed Index_Score_%,Interactive_Value,Interactive_Score_%,Total Blocking Time_Value,Total Blocking Time_Score_%,Cumulative Layout Shift_Value,Cumulative Layout Shift_Score_%
1,"Next.js SSR",Next.js,"Server-Side Rendering",SLOW3G,"Blog List",/blog,https://render-strategy-demo-next-app-ssr.vercel.app/blog,https://render-strategy-demo-next-app-ssr.vercel.app/blog,2025-06-12T07:34:59.122Z,1.96,85,5.51,19,3.08,93,5.51,70,36,100,0,100
2,"Next.js SSR",Next.js,"Server-Side Rendering",SLOW3G,"Blog List",/blog,https://render-strategy-demo-next-app-ssr.vercel.app/blog,https://render-strategy-demo-next-app-ssr.vercel.app/blog,2025-06-12T07:35:13.985Z,1.97,85,5.47,19,2.56,97,5.47,71,26,100,0,100
3,"Next.js SSR",Next.js,"Server-Side Rendering",SLOW3G,"Blog List",/blog,https://render-strategy-demo-next-app-ssr.vercel.app/blog,https://render-strategy-demo-next-app-ssr.vercel.app/blog,2025-06-12T07:35:29.088Z,1.9,87,5.64,17,2.8,96,5.64,69,51,100,0,100
4,"Next.js SSR",Next.js,"Server-Side Rendering",SLOW3G,"Blog List",/blog,https://render-strategy-demo-next-app-ssr.vercel.app/blog,https://render-strategy-demo-next-app-ssr.vercel.app/blog,2025-06-12T07:35:43.644Z,1.95,86,5.47,19,2.84,95,5.47,71,39,100,0,100
5,"Next.js SSR",Next.js,"Server-Side Rendering",SLOW3G,"Blog List",/blog,https://render-strategy-demo-next-app-ssr.vercel.app/blog,https://render-strategy-demo-next-app-ssr.vercel.app/blog,2025-06-12T07:36:01.335Z,1.97,85,5.43,20,2.86,95,5.43,71,21,100,0,100
6,"Next.js SSR",Next.js,"Server-Side Rendering",SLOW3G,"Blog List",/blog,https://render-strategy-demo-next-app-ssr.vercel.app/blog,https://render-strategy-demo-next-app-ssr.vercel.app/blog,2025-06-12T07:36:18.588Z,2.08,82,5.47,19,2.76,96,5.47,71,174,92,0,100
7,"Next.js SSR",Next.js,"Server-Side Rendering",SLOW3G,"Blog List",/blog,https://render-strategy-demo-next-app-ssr.vercel.app/blog,https://render-strategy-demo-next-app-ssr.vercel.app/blog,2025-06-12T07:36:39.168Z,1.99,84,5.41,20,5.33,57,5.41,72,299,79,0,100
8,"Next.js SSR",Next.js,"Server-Side Rendering",SLOW3G,"Blog List",/blog,https://render-strategy-demo-next-app-ssr.vercel.app/blog,https://render-strategy-demo-next-app-ssr.vercel.app/blog,2025-06-12T07:36:58.796Z,2.02,83,6.35,10,3.46,89,6.35,60,244,85,0,100
9,"Next.js SSR",Next.js,"Server-Side Rendering",SLOW3G,"Blog List",/blog,https://render-strategy-demo-next-app-ssr.vercel.app/blog,https://render-strategy-demo-next-app-ssr.vercel.app/blog,2025-06-12T07:37:16.843Z,1.87,88,5.58,18,2.86,95,5.58,70,212,88,0,100
10,"Next.js SSR",Next.js,"Server-Side Rendering",SLOW3G,"Blog List",/blog,https://render-strategy-demo-next-app-ssr.vercel.app/blog,https://render-strategy-demo-next-app-ssr.vercel.app/blog,2025-06-12T07:37:34.535Z,1.96,85,5.37,21,3.46,89,5.37,72,292,79,0,100