Run,App_Name,Framework,Strategy,Profile,Page_Name,Page_Path,Tested_URL,Final_URL,Timestamp,First Contentful Paint_Value,First Contentful Paint_Score_%,Largest Contentful Paint_Value,Largest Contentful Paint_Score_%,Speed Index_Value,Speed Index_Score_%,Interactive_Value,Interactive_Score_%,Total Blocking Time_Value,Total Blocking Time_Score_%,Cumulative Layout Shift_Value,Cumulative Layout Shift_Score_%
1,"Next.js SSR",Next.js,"Server-Side Rendering",SLOW3G,"Blog Post",/blog/1,https://render-strategy-demo-next-app-ssr.vercel.app/blog/1,https://render-strategy-demo-next-app-ssr.vercel.app/blog/1,2025-06-12T08:44:03.714Z,1.85,88,5.74,16,2.28,99,5.74,68,63,100,0,100
2,"Next.js SSR",Next.js,"Server-Side Rendering",SLOW3G,"Blog Post",/blog/1,https://render-strategy-demo-next-app-ssr.vercel.app/blog/1,https://render-strategy-demo-next-app-ssr.vercel.app/blog/1,2025-06-12T08:44:16.615Z,1.83,89,5.6,17,2.41,98,5.6,69,165,93,0,100
3,"Next.js SSR",Next.js,"Server-Side Rendering",SLOW3G,"Blog Post",/blog/1,https://render-strategy-demo-next-app-ssr.vercel.app/blog/1,https://render-strategy-demo-next-app-ssr.vercel.app/blog/1,2025-06-12T08:44:30.258Z,1.82,89,5.3,22,2.03,99,5.3,73,68,99,0,100
4,"Next.js SSR",Next.js,"Server-Side Rendering",SLOW3G,"Blog Post",/blog/1,https://render-strategy-demo-next-app-ssr.vercel.app/blog/1,https://render-strategy-demo-next-app-ssr.vercel.app/blog/1,2025-06-12T08:44:42.321Z,1.83,89,5.74,16,2.16,99,5.74,68,63,100,0,100
5,"Next.js SSR",Next.js,"Server-Side Rendering",SLOW3G,"Blog Post",/blog/1,https://render-strategy-demo-next-app-ssr.vercel.app/blog/1,https://render-strategy-demo-next-app-ssr.vercel.app/blog/1,2025-06-12T08:44:54.151Z,1.91,87,5.6,17,2.25,99,5.6,69,142,95,0,100
6,"Next.js SSR",Next.js,"Server-Side Rendering",SLOW3G,"Blog Post",/blog/1,https://render-strategy-demo-next-app-ssr.vercel.app/blog/1,https://render-strategy-demo-next-app-ssr.vercel.app/blog/1,2025-06-12T08:45:06.536Z,1.83,89,5.4,20,1.99,99,5.4,72,102,98,0,100
7,"Next.js SSR",Next.js,"Server-Side Rendering",SLOW3G,"Blog Post",/blog/1,https://render-strategy-demo-next-app-ssr.vercel.app/blog/1,https://render-strategy-demo-next-app-ssr.vercel.app/blog/1,2025-06-12T08:45:18.804Z,1.89,87,5.66,17,2.49,98,5.66,69,205,89,0,100
8,"Next.js SSR",Next.js,"Server-Side Rendering",SLOW3G,"Blog Post",/blog/1,https://render-strategy-demo-next-app-ssr.vercel.app/blog/1,https://render-strategy-demo-next-app-ssr.vercel.app/blog/1,2025-06-12T08:45:31.031Z,1.95,86,5.49,19,2.72,96,5.49,71,56,100,0,100
9,"Next.js SSR",Next.js,"Server-Side Rendering",SLOW3G,"Blog Post",/blog/1,https://render-strategy-demo-next-app-ssr.vercel.app/blog/1,https://render-strategy-demo-next-app-ssr.vercel.app/blog/1,2025-06-12T08:45:43.010Z,1.85,88,5.5,19,2.01,99,5.5,70,77,99,0,100
10,"Next.js SSR",Next.js,"Server-Side Rendering",SLOW3G,"Blog Post",/blog/1,https://render-strategy-demo-next-app-ssr.vercel.app/blog/1,https://render-strategy-demo-next-app-ssr.vercel.app/blog/1,2025-06-12T08:46:03.495Z,1.83,89,7.84,3,3.89,82,7.84,44,84,99,0,100