Run,App_Name,Framework,Strategy,Profile,Page_Name,Page_Path,Tested_URL,Final_URL,Timestamp,First Contentful Paint_Value,First Contentful Paint_Score_%,Largest Contentful Paint_Value,Largest Contentful Paint_Score_%,Speed Index_Value,Speed Index_Score_%,Interactive_Value,Interactive_Score_%,Total Blocking Time_Value,Total Blocking Time_Score_%,Cumulative Layout Shift_Value,Cumulative Layout Shift_Score_%
1,"Next.js SSR",Next.js,"Server-Side Rendering",SLOW3G,"About Page",/about,https://render-strategy-demo-next-app-ssr.vercel.app/about,https://render-strategy-demo-next-app-ssr.vercel.app/about,2025-06-12T06:59:40.083Z,1.82,89,5.78,15,2.09,99,5.78,67,43,100,0,100
2,"Next.js SSR",Next.js,"Server-Side Rendering",SLOW3G,"About Page",/about,https://render-strategy-demo-next-app-ssr.vercel.app/about,https://render-strategy-demo-next-app-ssr.vercel.app/about,2025-06-12T06:59:51.464Z,1.82,89,5.69,16,2.16,99,5.69,68,42,100,0,100
3,"Next.js SSR",Next.js,"Server-Side Rendering",SLOW3G,"About Page",/about,https://render-strategy-demo-next-app-ssr.vercel.app/about,https://render-strategy-demo-next-app-ssr.vercel.app/about,2025-06-12T07:00:02.276Z,1.83,89,5.42,20,1.83,100,5.42,71,46,100,0,100
4,"Next.js SSR",Next.js,"Server-Side Rendering",SLOW3G,"About Page",/about,https://render-strategy-demo-next-app-ssr.vercel.app/about,https://render-strategy-demo-next-app-ssr.vercel.app/about,2025-06-12T07:00:14.746Z,2.55,65,5.4,20,7.41,28,5.4,72,79,99,0,100
5,"Next.js SSR",Next.js,"Server-Side Rendering",SLOW3G,"About Page",/about,https://render-strategy-demo-next-app-ssr.vercel.app/about,https://render-strategy-demo-next-app-ssr.vercel.app/about,2025-06-12T07:00:25.686Z,1.85,88,5.25,22,1.85,100,5.25,73,49,100,0,100
6,"Next.js SSR",Next.js,"Server-Side Rendering",SLOW3G,"About Page",/about,https://render-strategy-demo-next-app-ssr.vercel.app/about,https://render-strategy-demo-next-app-ssr.vercel.app/about,2025-06-12T07:00:36.623Z,1.83,89,5.47,19,1.84,100,5.47,71,42,100,0,100
7,"Next.js SSR",Next.js,"Server-Side Rendering",SLOW3G,"About Page",/about,https://render-strategy-demo-next-app-ssr.vercel.app/about,https://render-strategy-demo-next-app-ssr.vercel.app/about,2025-06-12T07:00:49.279Z,2.51,67,5.41,20,7.27,29,5.41,72,79,99,0,100
8,"Next.js SSR",Next.js,"Server-Side Rendering",SLOW3G,"About Page",/about,https://render-strategy-demo-next-app-ssr.vercel.app/about,https://render-strategy-demo-next-app-ssr.vercel.app/about,2025-06-12T07:01:00.522Z,1.81,89,5.39,20,1.81,100,5.39,72,46,100,0,100
9,"Next.js SSR",Next.js,"Server-Side Rendering",SLOW3G,"About Page",/about,https://render-strategy-demo-next-app-ssr.vercel.app/about,https://render-strategy-demo-next-app-ssr.vercel.app/about,2025-06-12T07:01:13.025Z,2.51,67,5.54,18,7.32,28,5.54,70,75,99,0,100
10,"Next.js SSR",Next.js,"Server-Side Rendering",SLOW3G,"About Page",/about,https://render-strategy-demo-next-app-ssr.vercel.app/about,https://render-strategy-demo-next-app-ssr.vercel.app/about,2025-06-12T07:01:23.606Z,1.82,89,5.4,20,1.82,100,5.4,72,36,100,0,100