Run,App_Name,Framework,Strategy,Profile,Page_Name,Page_Path,Tested_URL,Final_URL,Timestamp,First Contentful Paint_Value,First Contentful Paint_Score_%,Largest Contentful Paint_Value,Largest Contentful Paint_Score_%,Speed Index_Value,Speed Index_Score_%,Interactive_Value,Interactive_Score_%,Total Blocking Time_Value,Total Blocking Time_Score_%,Cumulative Layout Shift_Value,Cumulative Layout Shift_Score_%
1,"Nuxt.js SSR",Nuxt.js,"Server-Side Rendering",SLOW3G,"Blog Post",/blog/1,https://render-strategy-demo-nuxt-app-ssr.vercel.app/blog/1,https://render-strategy-demo-nuxt-app-ssr.vercel.app/blog/1,2025-06-12T08:46:15.582Z,5.33,7,5.33,21,5.41,56,5.33,73,0,100,0,100
2,"Nuxt.js SSR",Nuxt.js,"Server-Side Rendering",SLOW3G,"Blog Post",/blog/1,https://render-strategy-demo-nuxt-app-ssr.vercel.app/blog/1,https://render-strategy-demo-nuxt-app-ssr.vercel.app/blog/1,2025-06-12T08:46:27.405Z,5.27,7,5.27,22,5.27,58,5.27,73,0,100,0,100
3,"Nuxt.js SSR",Nuxt.js,"Server-Side Rendering",SLOW3G,"Blog Post",/blog/1,https://render-strategy-demo-nuxt-app-ssr.vercel.app/blog/1,https://render-strategy-demo-nuxt-app-ssr.vercel.app/blog/1,2025-06-12T08:46:39.217Z,5.29,7,5.29,22,5.29,58,5.29,73,0,100,0,100
4,"Nuxt.js SSR",Nuxt.js,"Server-Side Rendering",SLOW3G,"Blog Post",/blog/1,https://render-strategy-demo-nuxt-app-ssr.vercel.app/blog/1,https://render-strategy-demo-nuxt-app-ssr.vercel.app/blog/1,2025-06-12T08:46:51.211Z,5.29,7,5.29,22,5.29,58,5.29,73,0,100,0,100
5,"Nuxt.js SSR",Nuxt.js,"Server-Side Rendering",SLOW3G,"Blog Post",/blog/1,https://render-strategy-demo-nuxt-app-ssr.vercel.app/blog/1,https://render-strategy-demo-nuxt-app-ssr.vercel.app/blog/1,2025-06-12T08:47:03.212Z,5.31,7,5.31,22,5.31,58,5.31,73,0,100,0,100
6,"Nuxt.js SSR",Nuxt.js,"Server-Side Rendering",SLOW3G,"Blog Post",/blog/1,https://render-strategy-demo-nuxt-app-ssr.vercel.app/blog/1,https://render-strategy-demo-nuxt-app-ssr.vercel.app/blog/1,2025-06-12T08:47:15.105Z,5.25,8,5.25,22,5.25,59,5.25,74,0,100,0,100
7,"Nuxt.js SSR",Nuxt.js,"Server-Side Rendering",SLOW3G,"Blog Post",/blog/1,https://render-strategy-demo-nuxt-app-ssr.vercel.app/blog/1,https://render-strategy-demo-nuxt-app-ssr.vercel.app/blog/1,2025-06-12T08:47:27.014Z,5.28,7,5.28,22,5.28,58,5.28,73,0,100,0,100
8,"Nuxt.js SSR",Nuxt.js,"Server-Side Rendering",SLOW3G,"Blog Post",/blog/1,https://render-strategy-demo-nuxt-app-ssr.vercel.app/blog/1,https://render-strategy-demo-nuxt-app-ssr.vercel.app/blog/1,2025-06-12T08:47:38.599Z,5.31,7,5.31,21,5.31,58,5.31,73,0,100,0,100
9,"Nuxt.js SSR",Nuxt.js,"Server-Side Rendering",SLOW3G,"Blog Post",/blog/1,https://render-strategy-demo-nuxt-app-ssr.vercel.app/blog/1,https://render-strategy-demo-nuxt-app-ssr.vercel.app/blog/1,2025-06-12T08:47:50.397Z,5.29,7,5.29,22,5.29,58,5.29,73,0,100,0,100
10,"Nuxt.js SSR",Nuxt.js,"Server-Side Rendering",SLOW3G,"Blog Post",/blog/1,https://render-strategy-demo-nuxt-app-ssr.vercel.app/blog/1,https://render-strategy-demo-nuxt-app-ssr.vercel.app/blog/1,2025-06-12T08:48:02.282Z,5.29,7,5.29,22,5.38,57,5.29,73,0,100,0,100