Run,App_Name,Framework,Strategy,Profile,Page_Name,Page_Path,Tested_URL,Final_URL,Timestamp,First Contentful Paint_Value,First Contentful Paint_Score_%,Largest Contentful Paint_Value,Largest Contentful Paint_Score_%,Speed Index_Value,Speed Index_Score_%,Interactive_Value,Interactive_Score_%,Total Blocking Time_Value,Total Blocking Time_Score_%,Cumulative Layout Shift_Value,Cumulative Layout Shift_Score_%
1,"Nuxt.js SSR",Nuxt.js,"Server-Side Rendering",SLOW3G,"About Page",/about,https://render-strategy-demo-nuxt-app-ssr.vercel.app/about,https://render-strategy-demo-nuxt-app-ssr.vercel.app/about,2025-06-12T07:01:33.963Z,4.99,10,4.99,27,5,63,4.99,77,0,100,0,100
2,"Nuxt.js SSR",Nuxt.js,"Server-Side Rendering",SLOW3G,"About Page",/about,https://render-strategy-demo-nuxt-app-ssr.vercel.app/about,https://render-strategy-demo-nuxt-app-ssr.vercel.app/about,2025-06-12T07:01:45.131Z,4.99,10,4.99,27,5.04,63,4.99,77,0,100,0,100
3,"Nuxt.js SSR",Nuxt.js,"Server-Side Rendering",SLOW3G,"About Page",/about,https://render-strategy-demo-nuxt-app-ssr.vercel.app/about,https://render-strategy-demo-nuxt-app-ssr.vercel.app/about,2025-06-12T07:01:56.013Z,5.01,9,5.01,27,5.01,63,5.01,76,0,100,0,100
4,"Nuxt.js SSR",Nuxt.js,"Server-Side Rendering",SLOW3G,"About Page",/about,https://render-strategy-demo-nuxt-app-ssr.vercel.app/about,https://render-strategy-demo-nuxt-app-ssr.vercel.app/about,2025-06-12T07:02:07.327Z,5,10,5,27,5.07,62,5,77,0,100,0,100
5,"Nuxt.js SSR",Nuxt.js,"Server-Side Rendering",SLOW3G,"About Page",/about,https://render-strategy-demo-nuxt-app-ssr.vercel.app/about,https://render-strategy-demo-nuxt-app-ssr.vercel.app/about,2025-06-12T07:02:18.558Z,4.95,10,4.95,28,4.95,64,4.95,77,0,100,0,100
6,"Nuxt.js SSR",Nuxt.js,"Server-Side Rendering",SLOW3G,"About Page",/about,https://render-strategy-demo-nuxt-app-ssr.vercel.app/about,https://render-strategy-demo-nuxt-app-ssr.vercel.app/about,2025-06-12T07:02:29.814Z,4.98,10,4.98,27,4.98,64,4.98,77,0,100,0,100
7,"Nuxt.js SSR",Nuxt.js,"Server-Side Rendering",SLOW3G,"About Page",/about,https://render-strategy-demo-nuxt-app-ssr.vercel.app/about,https://render-strategy-demo-nuxt-app-ssr.vercel.app/about,2025-06-12T07:02:40.968Z,4.99,10,4.99,27,4.99,63,4.99,77,0,100,0,100
8,"Nuxt.js SSR",Nuxt.js,"Server-Side Rendering",SLOW3G,"About Page",/about,https://render-strategy-demo-nuxt-app-ssr.vercel.app/about,https://render-strategy-demo-nuxt-app-ssr.vercel.app/about,2025-06-12T07:02:52.109Z,4.99,10,4.99,27,4.99,64,4.99,77,0,100,0,100
9,"Nuxt.js SSR",Nuxt.js,"Server-Side Rendering",SLOW3G,"About Page",/about,https://render-strategy-demo-nuxt-app-ssr.vercel.app/about,https://render-strategy-demo-nuxt-app-ssr.vercel.app/about,2025-06-12T07:03:03.262Z,5,9,5,27,5,63,5,76,0,100,0,100
10,"Nuxt.js SSR",Nuxt.js,"Server-Side Rendering",SLOW3G,"About Page",/about,https://render-strategy-demo-nuxt-app-ssr.vercel.app/about,https://render-strategy-demo-nuxt-app-ssr.vercel.app/about,2025-06-12T07:03:14.449Z,4.95,10,4.95,28,4.95,64,4.95,77,0,100,0,100