Run,App_Name,Framework,Strategy,Profile,Page_Name,Page_Path,Tested_URL,Final_URL,Timestamp,First Contentful Paint_Value,First Contentful Paint_Score_%,Largest Contentful Paint_Value,Largest Contentful Paint_Score_%,Speed Index_Value,Speed Index_Score_%,Interactive_Value,Interactive_Score_%,Total Blocking Time_Value,Total Blocking Time_Score_%,Cumulative Layout Shift_Value,Cumulative Layout Shift_Score_%
1,"Nuxt.js SSR",Nuxt.js,"Server-Side Rendering",SLOW3G,"Blog List",/blog,https://render-strategy-demo-nuxt-app-ssr.vercel.app/blog,https://render-strategy-demo-nuxt-app-ssr.vercel.app/blog,2025-06-12T07:37:53.165Z,3.37,38,5.25,22,3.55,87,5.25,74,122,97,0.029,100
2,"Nuxt.js SSR",Nuxt.js,"Server-Side Rendering",SLOW3G,"Blog List",/blog,https://render-strategy-demo-nuxt-app-ssr.vercel.app/blog,https://render-strategy-demo-nuxt-app-ssr.vercel.app/blog,2025-06-12T07:38:14.270Z,3.39,37,5.31,21,5.46,55,5.31,73,0,100,0.029,100
3,"Nuxt.js SSR",Nuxt.js,"Server-Side Rendering",SLOW3G,"Blog List",/blog,https://render-strategy-demo-nuxt-app-ssr.vercel.app/blog,https://render-strategy-demo-nuxt-app-ssr.vercel.app/blog,2025-06-12T07:38:32.771Z,3.37,38,3.37,68,3.38,90,3.37,93,0,100,0.029,100
4,"Nuxt.js SSR",Nuxt.js,"Server-Side Rendering",SLOW3G,"Blog List",/blog,https://render-strategy-demo-nuxt-app-ssr.vercel.app/blog,https://render-strategy-demo-nuxt-app-ssr.vercel.app/blog,2025-06-12T07:38:52.819Z,3.38,38,5.26,22,3.38,90,5.26,73,0,100,0.029,100
5,"Nuxt.js SSR",Nuxt.js,"Server-Side Rendering",SLOW3G,"Blog List",/blog,https://render-strategy-demo-nuxt-app-ssr.vercel.app/blog,https://render-strategy-demo-nuxt-app-ssr.vercel.app/blog,2025-06-12T07:39:10.569Z,3.4,37,5.32,21,3.4,89,5.32,73,0,100,0.029,100
6,"Nuxt.js SSR",Nuxt.js,"Server-Side Rendering",SLOW3G,"Blog List",/blog,https://render-strategy-demo-nuxt-app-ssr.vercel.app/blog,https://render-strategy-demo-nuxt-app-ssr.vercel.app/blog,2025-06-12T07:39:28.485Z,3.38,38,3.5,64,3.38,90,3.51,92,0,100,0.029,100
7,"Nuxt.js SSR",Nuxt.js,"Server-Side Rendering",SLOW3G,"Blog List",/blog,https://render-strategy-demo-nuxt-app-ssr.vercel.app/blog,https://render-strategy-demo-nuxt-app-ssr.vercel.app/blog,2025-06-12T07:39:46.476Z,3.37,38,5.26,22,3.47,88,5.26,73,0,100,0.029,100
8,"Nuxt.js SSR",Nuxt.js,"Server-Side Rendering",SLOW3G,"Blog List",/blog,https://render-strategy-demo-nuxt-app-ssr.vercel.app/blog,https://render-strategy-demo-nuxt-app-ssr.vercel.app/blog,2025-06-12T07:40:04.189Z,3.4,37,5.3,22,3.4,89,5.3,73,0,100,0.029,100
9,"Nuxt.js SSR",Nuxt.js,"Server-Side Rendering",SLOW3G,"Blog List",/blog,https://render-strategy-demo-nuxt-app-ssr.vercel.app/blog,https://render-strategy-demo-nuxt-app-ssr.vercel.app/blog,2025-06-12T07:40:22.338Z,3.45,36,5.43,20,3.45,89,5.43,71,131,96,0.029,100
10,"Nuxt.js SSR",Nuxt.js,"Server-Side Rendering",SLOW3G,"Blog List",/blog,https://render-strategy-demo-nuxt-app-ssr.vercel.app/blog,https://render-strategy-demo-nuxt-app-ssr.vercel.app/blog,2025-06-12T07:40:40.137Z,3.41,37,5.25,22,3.41,89,5.25,73,0,100,0.029,100