Run,App_Name,Framework,Strategy,Profile,Page_Name,Page_Path,Tested_URL,Final_URL,Timestamp,First Contentful Paint_Value,First Contentful Paint_Score_%,Largest Contentful Paint_Value,Largest Contentful Paint_Score_%,Speed Index_Value,Speed Index_Score_%,Interactive_Value,Interactive_Score_%,Total Blocking Time_Value,Total Blocking Time_Score_%,Cumulative Layout Shift_Value,Cumulative Layout Shift_Score_%
1,"SvelteKit SSR",SvelteKit,"Server-Side Rendering",SLOW3G,"Blog List",/blog,https://render-strategy-demo-sveltekit-app.vercel.app/blog,https://render-strategy-demo-sveltekit-app.vercel.app/blog,2025-06-12T07:40:57.394Z,5.23,8,5.55,18,5.75,50,5.55,70,0,100,0,100
2,"SvelteKit SSR",SvelteKit,"Server-Side Rendering",SLOW3G,"Blog List",/blog,https://render-strategy-demo-sveltekit-app.vercel.app/blog,https://render-strategy-demo-sveltekit-app.vercel.app/blog,2025-06-12T07:41:15.506Z,3.43,36,5.66,17,3.43,89,5.66,69,3,100,0.029,100
3,"SvelteKit SSR",SvelteKit,"Server-Side Rendering",SLOW3G,"Blog List",/blog,https://render-strategy-demo-sveltekit-app.vercel.app/blog,https://render-strategy-demo-sveltekit-app.vercel.app/blog,2025-06-12T07:41:35.563Z,5.41,6,5.76,16,5.93,47,5.76,67,0,100,0,100
4,"SvelteKit SSR",SvelteKit,"Server-Side Rendering",SLOW3G,"Blog List",/blog,https://render-strategy-demo-sveltekit-app.vercel.app/blog,https://render-strategy-demo-sveltekit-app.vercel.app/blog,2025-06-12T07:41:53.387Z,3.38,38,5.74,16,3.38,90,5.75,67,0,100,0.029,100
5,"SvelteKit SSR",SvelteKit,"Server-Side Rendering",SLOW3G,"Blog List",/blog,https://render-strategy-demo-sveltekit-app.vercel.app/blog,https://render-strategy-demo-sveltekit-app.vercel.app/blog,2025-06-12T07:42:12.027Z,5.41,6,5.75,16,7.81,23,5.75,67,0,100,0,100
6,"SvelteKit SSR",SvelteKit,"Server-Side Rendering",SLOW3G,"Blog List",/blog,https://render-strategy-demo-sveltekit-app.vercel.app/blog,https://render-strategy-demo-sveltekit-app.vercel.app/blog,2025-06-12T07:42:30.155Z,5.29,7,5.62,17,5.72,51,5.62,69,0,100,0,100
7,"SvelteKit SSR",SvelteKit,"Server-Side Rendering",SLOW3G,"Blog List",/blog,https://render-strategy-demo-sveltekit-app.vercel.app/blog,https://render-strategy-demo-sveltekit-app.vercel.app/blog,2025-06-12T07:42:49.644Z,5.23,8,5.29,22,7.86,23,5.29,73,0,100,0,100
8,"SvelteKit SSR",SvelteKit,"Server-Side Rendering",SLOW3G,"Blog List",/blog,https://render-strategy-demo-sveltekit-app.vercel.app/blog,https://render-strategy-demo-sveltekit-app.vercel.app/blog,2025-06-12T07:43:07.237Z,5.3,7,5.62,17,7.91,22,5.62,69,0,100,0,100
9,"SvelteKit SSR",SvelteKit,"Server-Side Rendering",SLOW3G,"Blog List",/blog,https://render-strategy-demo-sveltekit-app.vercel.app/blog,https://render-strategy-demo-sveltekit-app.vercel.app/blog,2025-06-12T07:43:24.866Z,5.28,7,5.59,18,5.55,54,5.59,69,0,100,0,100
10,"SvelteKit SSR",SvelteKit,"Server-Side Rendering",SLOW3G,"Blog List",/blog,https://render-strategy-demo-sveltekit-app.vercel.app/blog,https://render-strategy-demo-sveltekit-app.vercel.app/blog,2025-06-12T07:43:42.000Z,5.24,8,5.56,18,5.53,54,5.56,70,0,100,0,100