Run,App_Name,Framework,Strategy,Profile,Page_Name,Page_Path,Tested_URL,Final_URL,Timestamp,First Contentful Paint_Value,First Contentful Paint_Score_%,Largest Contentful Paint_Value,Largest Contentful Paint_Score_%,Speed Index_Value,Speed Index_Score_%,Interactive_Value,Interactive_Score_%,Total Blocking Time_Value,Total Blocking Time_Score_%,Cumulative Layout Shift_Value,Cumulative Layout Shift_Score_%
1,"SvelteKit SSR",SvelteKit,"Server-Side Rendering",SLOW3G,"About Page",/about,https://render-strategy-demo-sveltekit-app.vercel.app/about,https://render-strategy-demo-sveltekit-app.vercel.app/about,2025-06-12T07:03:25.903Z,4.95,10,6.19,11,5.01,63,6.19,62,0,100,0,100
2,"SvelteKit SSR",SvelteKit,"Server-Side Rendering",SLOW3G,"About Page",/about,https://render-strategy-demo-sveltekit-app.vercel.app/about,https://render-strategy-demo-sveltekit-app.vercel.app/about,2025-06-12T07:03:39.013Z,4.98,10,6.57,8,7.51,26,6.57,58,0,100,0.098,90
3,"SvelteKit SSR",SvelteKit,"Server-Side Rendering",SLOW3G,"About Page",/about,https://render-strategy-demo-sveltekit-app.vercel.app/about,https://render-strategy-demo-sveltekit-app.vercel.app/about,2025-06-12T07:03:52.076Z,5.07,9,5.72,16,7.5,26,5.72,68,0,100,0,100
4,"SvelteKit SSR",SvelteKit,"Server-Side Rendering",SLOW3G,"About Page",/about,https://render-strategy-demo-sveltekit-app.vercel.app/about,https://render-strategy-demo-sveltekit-app.vercel.app/about,2025-06-12T07:04:04.179Z,5.01,9,6.02,13,5.03,63,6.02,64,0,100,0,100
5,"SvelteKit SSR",SvelteKit,"Server-Side Rendering",SLOW3G,"About Page",/about,https://render-strategy-demo-sveltekit-app.vercel.app/about,https://render-strategy-demo-sveltekit-app.vercel.app/about,2025-06-12T07:04:16.449Z,4.98,10,6.06,12,5.06,62,6.06,64,0,100,0,100
6,"SvelteKit SSR",SvelteKit,"Server-Side Rendering",SLOW3G,"About Page",/about,https://render-strategy-demo-sveltekit-app.vercel.app/about,https://render-strategy-demo-sveltekit-app.vercel.app/about,2025-06-12T07:04:28.496Z,4.96,10,5.79,15,4.97,64,5.79,67,0,100,0,100
7,"SvelteKit SSR",SvelteKit,"Server-Side Rendering",SLOW3G,"About Page",/about,https://render-strategy-demo-sveltekit-app.vercel.app/about,https://render-strategy-demo-sveltekit-app.vercel.app/about,2025-06-12T07:04:40.638Z,4.97,10,5.32,21,4.97,64,5.32,73,0,100,0,100
8,"SvelteKit SSR",SvelteKit,"Server-Side Rendering",SLOW3G,"About Page",/about,https://render-strategy-demo-sveltekit-app.vercel.app/about,https://render-strategy-demo-sveltekit-app.vercel.app/about,2025-06-12T07:04:52.459Z,5.03,9,5.62,17,5.03,63,5.62,69,0,100,0,100
9,"SvelteKit SSR",SvelteKit,"Server-Side Rendering",SLOW3G,"About Page",/about,https://render-strategy-demo-sveltekit-app.vercel.app/about,https://render-strategy-demo-sveltekit-app.vercel.app/about,2025-06-12T07:05:04.059Z,5.02,9,5.44,20,5.02,63,5.44,71,0,100,0,100
10,"SvelteKit SSR",SvelteKit,"Server-Side Rendering",SLOW3G,"About Page",/about,https://render-strategy-demo-sveltekit-app.vercel.app/about,https://render-strategy-demo-sveltekit-app.vercel.app/about,2025-06-12T07:05:16.362Z,4.99,10,5.47,19,4.99,64,5.47,71,0,100,0,100