Run,App_Name,Framework,Strategy,Profile,Page_Name,Page_Path,Tested_URL,Final_URL,Timestamp,First Contentful Paint_Value,First Contentful Paint_Score_%,Largest Contentful Paint_Value,Largest Contentful Paint_Score_%,Speed Index_Value,Speed Index_Score_%,Interactive_Value,Interactive_Score_%,Total Blocking Time_Value,Total Blocking Time_Score_%,Cumulative Layout Shift_Value,Cumulative Layout Shift_Score_%
1,"SvelteKit SSR",SvelteKit,"Server-Side Rendering",SLOW3G,"Blog Post",/blog/1,https://render-strategy-demo-sveltekit-app.vercel.app/blog/1,https://render-strategy-demo-sveltekit-app.vercel.app/blog/1,2025-06-12T08:48:15.563Z,4.98,10,6.27,10,6.01,46,6.27,61,0,100,0,100
2,"SvelteKit SSR",SvelteKit,"Server-Side Rendering",SLOW3G,"Blog Post",/blog/1,https://render-strategy-demo-sveltekit-app.vercel.app/blog/1,https://render-strategy-demo-sveltekit-app.vercel.app/blog/1,2025-06-12T08:48:29.405Z,4.93,10,5.85,14,5.71,51,5.85,66,0,100,0,100
3,"SvelteKit SSR",SvelteKit,"Server-Side Rendering",SLOW3G,"Blog Post",/blog/1,https://render-strategy-demo-sveltekit-app.vercel.app/blog/1,https://render-strategy-demo-sveltekit-app.vercel.app/blog/1,2025-06-12T08:48:41.816Z,4.98,10,5.4,20,5.36,57,5.4,72,0,100,0,100
4,"SvelteKit SSR",SvelteKit,"Server-Side Rendering",SLOW3G,"Blog Post",/blog/1,https://render-strategy-demo-sveltekit-app.vercel.app/blog/1,https://render-strategy-demo-sveltekit-app.vercel.app/blog/1,2025-06-12T08:48:54.425Z,5.01,9,5.4,20,5.34,57,5.4,72,0,100,0,100
5,"SvelteKit SSR",SvelteKit,"Server-Side Rendering",SLOW3G,"Blog Post",/blog/1,https://render-strategy-demo-sveltekit-app.vercel.app/blog/1,https://render-strategy-demo-sveltekit-app.vercel.app/blog/1,2025-06-12T08:49:08.216Z,4.97,10,5.41,20,5.31,58,5.41,72,0,100,0,100
6,"SvelteKit SSR",SvelteKit,"Server-Side Rendering",SLOW3G,"Blog Post",/blog/1,https://render-strategy-demo-sveltekit-app.vercel.app/blog/1,https://render-strategy-demo-sveltekit-app.vercel.app/blog/1,2025-06-12T08:49:20.463Z,4.98,10,5.3,22,5.41,56,5.3,73,0,100,0,100
7,"SvelteKit SSR",SvelteKit,"Server-Side Rendering",SLOW3G,"Blog Post",/blog/1,https://render-strategy-demo-sveltekit-app.vercel.app/blog/1,https://render-strategy-demo-sveltekit-app.vercel.app/blog/1,2025-06-12T08:49:32.279Z,5.02,9,5.74,16,5.29,58,5.74,68,0,100,0,100
8,"SvelteKit SSR",SvelteKit,"Server-Side Rendering",SLOW3G,"Blog Post",/blog/1,https://render-strategy-demo-sveltekit-app.vercel.app/blog/1,https://render-strategy-demo-sveltekit-app.vercel.app/blog/1,2025-06-12T08:49:44.181Z,4.99,10,5.41,20,5.35,57,5.41,72,0,100,0,100
9,"SvelteKit SSR",SvelteKit,"Server-Side Rendering",SLOW3G,"Blog Post",/blog/1,https://render-strategy-demo-sveltekit-app.vercel.app/blog/1,https://render-strategy-demo-sveltekit-app.vercel.app/blog/1,2025-06-12T08:49:56.157Z,4.99,10,5.86,14,5.35,57,5.86,66,0,100,0,100
10,"SvelteKit SSR",SvelteKit,"Server-Side Rendering",SLOW3G,"Blog Post",/blog/1,https://render-strategy-demo-sveltekit-app.vercel.app/blog/1,https://render-strategy-demo-sveltekit-app.vercel.app/blog/1,2025-06-12T08:50:07.907Z,4.96,10,5.59,18,5.24,59,5.59,69,0,100,0,100