Run,App_Name,Framework,Strategy,Profile,Page_Name,Page_Path,Tested_URL,Final_URL,Timestamp,First Contentful Paint_Value,First Contentful Paint_Score_%,Largest Contentful Paint_Value,Largest Contentful Paint_Score_%,Speed Index_Value,Speed Index_Score_%,Interactive_Value,Interactive_Score_%,Total Blocking Time_Value,Total Blocking Time_Score_%,Cumulative Layout Shift_Value,Cumulative Layout Shift_Score_%
1,"Next.js CSR",Next.js,"Client-Side Rendering",SLOW3G,"About Page",/about,https://render-strategy-demo-csr-next-app-c.vercel.app/about,https://render-strategy-demo-csr-next-app-c.vercel.app/about/,2025-06-12T06:53:40.298Z,1.82,89,5.44,20,3.86,83,5.44,71,55,100,0,100
2,"Next.js CSR",Next.js,"Client-Side Rendering",SLOW3G,"About Page",/about,https://render-strategy-demo-csr-next-app-c.vercel.app/about,https://render-strategy-demo-csr-next-app-c.vercel.app/about/,2025-06-12T06:53:51.178Z,1.82,89,5.43,20,1.82,100,5.43,71,85,99,0,100
3,"Next.js CSR",Next.js,"Client-Side Rendering",SLOW3G,"About Page",/about,https://render-strategy-demo-csr-next-app-c.vercel.app/about,https://render-strategy-demo-csr-next-app-c.vercel.app/about/,2025-06-12T06:54:02.455Z,1.84,88,5.57,18,1.84,100,5.57,70,62,100,0,100
4,"Next.js CSR",Next.js,"Client-Side Rendering",SLOW3G,"About Page",/about,https://render-strategy-demo-csr-next-app-c.vercel.app/about,https://render-strategy-demo-csr-next-app-c.vercel.app/about/,2025-06-12T06:54:14.418Z,1.83,89,5.55,18,4.1,79,5.55,70,102,98,0,100
5,"Next.js CSR",Next.js,"Client-Side Rendering",SLOW3G,"About Page",/about,https://render-strategy-demo-csr-next-app-c.vercel.app/about,https://render-strategy-demo-csr-next-app-c.vercel.app/about/,2025-06-12T06:54:25.187Z,1.82,89,5.64,17,1.82,100,5.64,69,38,100,0,100
6,"Next.js CSR",Next.js,"Client-Side Rendering",SLOW3G,"About Page",/about,https://render-strategy-demo-csr-next-app-c.vercel.app/about,https://render-strategy-demo-csr-next-app-c.vercel.app/about/,2025-06-12T06:54:35.935Z,1.82,89,5.41,20,1.82,100,5.41,72,47,100,0,100
7,"Next.js CSR",Next.js,"Client-Side Rendering",SLOW3G,"About Page",/about,https://render-strategy-demo-csr-next-app-c.vercel.app/about,https://render-strategy-demo-csr-next-app-c.vercel.app/about/,2025-06-12T06:54:46.770Z,1.82,89,5.55,18,1.82,100,5.55,70,35,100,0,100
8,"Next.js CSR",Next.js,"Client-Side Rendering",SLOW3G,"About Page",/about,https://render-strategy-demo-csr-next-app-c.vercel.app/about,https://render-strategy-demo-csr-next-app-c.vercel.app/about/,2025-06-12T06:54:57.551Z,1.82,89,5.37,21,1.82,100,5.37,72,35,100,0,100
9,"Next.js CSR",Next.js,"Client-Side Rendering",SLOW3G,"About Page",/about,https://render-strategy-demo-csr-next-app-c.vercel.app/about,https://render-strategy-demo-csr-next-app-c.vercel.app/about/,2025-06-12T06:55:09.104Z,1.82,89,5.86,14,1.82,100,5.86,66,41,100,0,100
10,"Next.js CSR",Next.js,"Client-Side Rendering",SLOW3G,"About Page",/about,https://render-strategy-demo-csr-next-app-c.vercel.app/about,https://render-strategy-demo-csr-next-app-c.vercel.app/about/,2025-06-12T06:55:20.449Z,1.82,89,5.76,15,3.82,84,5.76,67,52,100,0,100