Run,App_Name,Framework,Strategy,Profile,Page_Name,Page_Path,Tested_URL,Final_URL,Timestamp,First Contentful Paint_Value,First Contentful Paint_Score_%,Largest Contentful Paint_Value,Largest Contentful Paint_Score_%,Speed Index_Value,Speed Index_Score_%,Interactive_Value,Interactive_Score_%,Total Blocking Time_Value,Total Blocking Time_Score_%,Cumulative Layout Shift_Value,Cumulative Layout Shift_Score_%
1,"Next.js CSR",Next.js,"Client-Side Rendering",SLOW3G,"Blog Post",/blog/1,https://render-strategy-demo-csr-next-app-c.vercel.app/blog/1,https://render-strategy-demo-csr-next-app-c.vercel.app/blog/1/,2025-06-12T08:37:42.182Z,1.56,95,7.22,5,4.08,79,7.22,50,67,99,0.299,40
2,"Next.js CSR",Next.js,"Client-Side Rendering",SLOW3G,"Blog Post",/blog/1,https://render-strategy-demo-csr-next-app-c.vercel.app/blog/1,https://render-strategy-demo-csr-next-app-c.vercel.app/blog/1/,2025-06-12T08:37:53.585Z,1.56,95,6.37,10,2.01,99,6.37,60,94,98,0.299,40
3,"Next.js CSR",Next.js,"Client-Side Rendering",SLOW3G,"Blog Post",/blog/1,https://render-strategy-demo-csr-next-app-c.vercel.app/blog/1,https://render-strategy-demo-csr-next-app-c.vercel.app/blog/1/,2025-06-12T08:38:05.354Z,1.55,95,6.38,10,1.82,100,6.38,60,46,100,0.299,40
4,"Next.js CSR",Next.js,"Client-Side Rendering",SLOW3G,"Blog Post",/blog/1,https://render-strategy-demo-csr-next-app-c.vercel.app/blog/1,https://render-strategy-demo-csr-next-app-c.vercel.app/blog/1/,2025-06-12T08:38:16.750Z,1.56,95,6.37,10,1.93,100,6.37,60,104,98,0.299,40
5,"Next.js CSR",Next.js,"Client-Side Rendering",SLOW3G,"Blog Post",/blog/1,https://render-strategy-demo-csr-next-app-c.vercel.app/blog/1,https://render-strategy-demo-csr-next-app-c.vercel.app/blog/1/,2025-06-12T08:38:28.696Z,1.56,95,6.38,10,1.95,100,6.38,60,140,95,0.299,40
6,"Next.js CSR",Next.js,"Client-Side Rendering",SLOW3G,"Blog Post",/blog/1,https://render-strategy-demo-csr-next-app-c.vercel.app/blog/1,https://render-strategy-demo-csr-next-app-c.vercel.app/blog/1/,2025-06-12T08:38:40.278Z,1.57,95,6.41,9,1.96,99,6.41,60,138,95,0.299,40
7,"Next.js CSR",Next.js,"Client-Side Rendering",SLOW3G,"Blog Post",/blog/1,https://render-strategy-demo-csr-next-app-c.vercel.app/blog/1,https://render-strategy-demo-csr-next-app-c.vercel.app/blog/1/,2025-06-12T08:38:51.986Z,1.58,94,6.37,10,2.19,99,6.37,60,280,81,0.299,40
8,"Next.js CSR",Next.js,"Client-Side Rendering",SLOW3G,"Blog Post",/blog/1,https://render-strategy-demo-csr-next-app-c.vercel.app/blog/1,https://render-strategy-demo-csr-next-app-c.vercel.app/blog/1/,2025-06-12T08:39:03.670Z,1.57,94,6.38,10,1.84,100,6.38,60,127,96,0.299,40
9,"Next.js CSR",Next.js,"Client-Side Rendering",SLOW3G,"Blog Post",/blog/1,https://render-strategy-demo-csr-next-app-c.vercel.app/blog/1,https://render-strategy-demo-csr-next-app-c.vercel.app/blog/1/,2025-06-12T08:39:15.009Z,1.55,95,6.37,10,2.01,99,6.37,60,82,99,0.299,40
10,"Next.js CSR",Next.js,"Client-Side Rendering",SLOW3G,"Blog Post",/blog/1,https://render-strategy-demo-csr-next-app-c.vercel.app/blog/1,https://render-strategy-demo-csr-next-app-c.vercel.app/blog/1/,2025-06-12T08:39:26.085Z,1.54,95,6.35,10,1.82,100,6.35,60,97,98,0.299,40