Run,App_Name,Framework,Strategy,Profile,Page_Name,Page_Path,Tested_URL,Final_URL,Timestamp,First Contentful Paint_Value,First Contentful Paint_Score_%,Largest Contentful Paint_Value,Largest Contentful Paint_Score_%,Speed Index_Value,Speed Index_Score_%,Interactive_Value,Interactive_Score_%,Total Blocking Time_Value,Total Blocking Time_Score_%,Cumulative Layout Shift_Value,Cumulative Layout Shift_Score_%
1,"Next.js CSR",Next.js,"Client-Side Rendering",SLOW3G,"Blog List",/blog,https://render-strategy-demo-csr-next-app-c.vercel.app/blog,https://render-strategy-demo-csr-next-app-c.vercel.app/blog/,2025-06-12T07:26:29.040Z,1.55,95,6.19,11,2.22,99,6.19,62,207,89,0.025,100
2,"Next.js CSR",Next.js,"Client-Side Rendering",SLOW3G,"Blog List",/blog,https://render-strategy-demo-csr-next-app-c.vercel.app/blog,https://render-strategy-demo-csr-next-app-c.vercel.app/blog/,2025-06-12T07:26:48.061Z,1.58,94,6.7,7,2.79,96,6.7,56,392,69,0.025,100
3,"Next.js CSR",Next.js,"Client-Side Rendering",SLOW3G,"Blog List",/blog,https://render-strategy-demo-csr-next-app-c.vercel.app/blog,https://render-strategy-demo-csr-next-app-c.vercel.app/blog/,2025-06-12T07:27:02.821Z,1.55,95,6.4,9,2.32,98,6.4,60,192,90,0.025,100
4,"Next.js CSR",Next.js,"Client-Side Rendering",SLOW3G,"Blog List",/blog,https://render-strategy-demo-csr-next-app-c.vercel.app/blog,https://render-strategy-demo-csr-next-app-c.vercel.app/blog/,2025-06-12T07:27:18.390Z,1.58,94,6.24,11,2.19,99,6.24,62,231,86,0.025,100
5,"Next.js CSR",Next.js,"Client-Side Rendering",SLOW3G,"Blog List",/blog,https://render-strategy-demo-csr-next-app-c.vercel.app/blog,https://render-strategy-demo-csr-next-app-c.vercel.app/blog/,2025-06-12T07:27:33.884Z,1.58,94,6.7,7,2.75,96,6.7,56,435,64,0.025,100
6,"Next.js CSR",Next.js,"Client-Side Rendering",SLOW3G,"Blog List",/blog,https://render-strategy-demo-csr-next-app-c.vercel.app/blog,https://render-strategy-demo-csr-next-app-c.vercel.app/blog/,2025-06-12T07:27:47.047Z,1.55,95,6.2,11,2.07,99,6.2,62,179,92,0.025,100
7,"Next.js CSR",Next.js,"Client-Side Rendering",SLOW3G,"Blog List",/blog,https://render-strategy-demo-csr-next-app-c.vercel.app/blog,https://render-strategy-demo-csr-next-app-c.vercel.app/blog/,2025-06-12T07:28:00.729Z,1.55,95,6.44,9,2.22,99,6.44,59,175,92,0.025,100
8,"Next.js CSR",Next.js,"Client-Side Rendering",SLOW3G,"Blog List",/blog,https://render-strategy-demo-csr-next-app-c.vercel.app/blog,https://render-strategy-demo-csr-next-app-c.vercel.app/blog/,2025-06-12T07:28:14.154Z,1.56,95,6.18,11,2.11,99,6.18,62,194,90,0.025,100
9,"Next.js CSR",Next.js,"Client-Side Rendering",SLOW3G,"Blog List",/blog,https://render-strategy-demo-csr-next-app-c.vercel.app/blog,https://render-strategy-demo-csr-next-app-c.vercel.app/blog/,2025-06-12T07:28:29.014Z,1.6,94,6.4,9,2.3,99,6.4,60,218,88,0.025,100
10,"Next.js CSR",Next.js,"Client-Side Rendering",SLOW3G,"Blog List",/blog,https://render-strategy-demo-csr-next-app-c.vercel.app/blog,https://render-strategy-demo-csr-next-app-c.vercel.app/blog/,2025-06-12T07:28:44.120Z,1.57,95,6.2,11,2.25,99,6.2,62,246,85,0.025,100