Run,App_Name,Framework,Strategy,Profile,Page_Name,Page_Path,Tested_URL,Final_URL,Timestamp,First Contentful Paint_Value,First Contentful Paint_Score_%,Largest Contentful Paint_Value,Largest Contentful Paint_Score_%,Speed Index_Value,Speed Index_Score_%,Interactive_Value,Interactive_Score_%,Total Blocking Time_Value,Total Blocking Time_Score_%,Cumulative Layout Shift_Value,Cumulative Layout Shift_Score_%
1,"Nuxt.js CSR",Nuxt.js,"Client-Side Rendering",SLOW3G,"Blog Post",/blog/1,https://render-strategy-demo-csr-nuxt-app-c.vercel.app/blog/1,https://render-strategy-demo-csr-nuxt-app-c.vercel.app/blog/1,2025-06-12T08:39:40.443Z,4.99,10,5.15,24,7.59,26,5.16,75,0,100,0.001,100
2,"Nuxt.js CSR",Nuxt.js,"Client-Side Rendering",SLOW3G,"Blog Post",/blog/1,https://render-strategy-demo-csr-nuxt-app-c.vercel.app/blog/1,https://render-strategy-demo-csr-nuxt-app-c.vercel.app/blog/1,2025-06-12T08:39:53.282Z,4.98,10,5.14,24,7.53,26,5.16,75,0,100,0.001,100
3,"Nuxt.js CSR",Nuxt.js,"Client-Side Rendering",SLOW3G,"Blog Post",/blog/1,https://render-strategy-demo-csr-nuxt-app-c.vercel.app/blog/1,https://render-strategy-demo-csr-nuxt-app-c.vercel.app/blog/1,2025-06-12T08:40:05.974Z,4.96,10,5.12,24,7.49,27,5.14,75,0,100,0.001,100
4,"Nuxt.js CSR",Nuxt.js,"Client-Side Rendering",SLOW3G,"Blog Post",/blog/1,https://render-strategy-demo-csr-nuxt-app-c.vercel.app/blog/1,https://render-strategy-demo-csr-nuxt-app-c.vercel.app/blog/1,2025-06-12T08:40:16.791Z,3.06,47,5.28,22,3.53,88,5.28,73,0,100,0.001,100
5,"Nuxt.js CSR",Nuxt.js,"Client-Side Rendering",SLOW3G,"Blog Post",/blog/1,https://render-strategy-demo-csr-nuxt-app-c.vercel.app/blog/1,https://render-strategy-demo-csr-nuxt-app-c.vercel.app/blog/1,2025-06-12T08:40:29.193Z,4.95,10,5.11,25,7.5,27,5.13,75,0,100,0.001,100
6,"Nuxt.js CSR",Nuxt.js,"Client-Side Rendering",SLOW3G,"Blog Post",/blog/1,https://render-strategy-demo-csr-nuxt-app-c.vercel.app/blog/1,https://render-strategy-demo-csr-nuxt-app-c.vercel.app/blog/1,2025-06-12T08:40:41.488Z,4.91,10,5.06,25,7.49,27,5.08,76,0,100,0.001,100
7,"Nuxt.js CSR",Nuxt.js,"Client-Side Rendering",SLOW3G,"Blog Post",/blog/1,https://render-strategy-demo-csr-nuxt-app-c.vercel.app/blog/1,https://render-strategy-demo-csr-nuxt-app-c.vercel.app/blog/1,2025-06-12T08:40:54.342Z,3.78,28,5.68,16,7.32,28,5.68,68,0,100,0.001,100
8,"Nuxt.js CSR",Nuxt.js,"Client-Side Rendering",SLOW3G,"Blog Post",/blog/1,https://render-strategy-demo-csr-nuxt-app-c.vercel.app/blog/1,https://render-strategy-demo-csr-nuxt-app-c.vercel.app/blog/1,2025-06-12T08:41:08.459Z,5.03,9,5.2,23,7.49,27,5.22,74,0,100,0.001,100
9,"Nuxt.js CSR",Nuxt.js,"Client-Side Rendering",SLOW3G,"Blog Post",/blog/1,https://render-strategy-demo-csr-nuxt-app-c.vercel.app/blog/1,https://render-strategy-demo-csr-nuxt-app-c.vercel.app/blog/1,2025-06-12T08:41:21.350Z,5,9,5.16,24,7.58,26,5.18,74,0,100,0.001,100
10,"Nuxt.js CSR",Nuxt.js,"Client-Side Rendering",SLOW3G,"Blog Post",/blog/1,https://render-strategy-demo-csr-nuxt-app-c.vercel.app/blog/1,https://render-strategy-demo-csr-nuxt-app-c.vercel.app/blog/1,2025-06-12T08:41:34.458Z,4.98,10,5.14,24,7.53,26,5.16,75,0,100,0.001,100