Run,App_Name,Framework,Strategy,Profile,Page_Name,Page_Path,Tested_URL,Final_URL,Timestamp,First Contentful Paint_Value,First Contentful Paint_Score_%,Largest Contentful Paint_Value,Largest Contentful Paint_Score_%,Speed Index_Value,Speed Index_Score_%,Interactive_Value,Interactive_Score_%,Total Blocking Time_Value,Total Blocking Time_Score_%,Cumulative Layout Shift_Value,Cumulative Layout Shift_Score_%
1,"Nuxt.js CSR",Nuxt.js,"Client-Side Rendering",SLOW3G,"Blog List",/blog,https://render-strategy-demo-csr-nuxt-app-c.vercel.app/blog,https://render-strategy-demo-csr-nuxt-app-c.vercel.app/blog,2025-06-12T07:29:01.733Z,5.06,9,5.06,25,7.69,25,5.06,76,0,100,0.029,100
2,"Nuxt.js CSR",Nuxt.js,"Client-Side Rendering",SLOW3G,"Blog List",/blog,https://render-strategy-demo-csr-nuxt-app-c.vercel.app/blog,https://render-strategy-demo-csr-nuxt-app-c.vercel.app/blog,2025-06-12T07:29:20.238Z,5.16,8,5.16,24,7.82,23,5.16,75,0,100,0.029,100
3,"Nuxt.js CSR",Nuxt.js,"Client-Side Rendering",SLOW3G,"Blog List",/blog,https://render-strategy-demo-csr-nuxt-app-c.vercel.app/blog,https://render-strategy-demo-csr-nuxt-app-c.vercel.app/blog,2025-06-12T07:29:38.717Z,4.99,10,4.99,27,7.58,26,4.99,77,0,100,0.029,100
4,"Nuxt.js CSR",Nuxt.js,"Client-Side Rendering",SLOW3G,"Blog List",/blog,https://render-strategy-demo-csr-nuxt-app-c.vercel.app/blog,https://render-strategy-demo-csr-nuxt-app-c.vercel.app/blog,2025-06-12T07:29:56.435Z,4.99,10,4.99,27,7.45,27,4.99,77,0,100,0.029,100
5,"Nuxt.js CSR",Nuxt.js,"Client-Side Rendering",SLOW3G,"Blog List",/blog,https://render-strategy-demo-csr-nuxt-app-c.vercel.app/blog,https://render-strategy-demo-csr-nuxt-app-c.vercel.app/blog,2025-06-12T07:30:14.451Z,5,10,5,27,7.49,27,5,77,0,100,0.029,100
6,"Nuxt.js CSR",Nuxt.js,"Client-Side Rendering",SLOW3G,"Blog List",/blog,https://render-strategy-demo-csr-nuxt-app-c.vercel.app/blog,https://render-strategy-demo-csr-nuxt-app-c.vercel.app/blog,2025-06-12T07:30:32.407Z,4.96,10,4.96,27,7.57,26,4.96,77,0,100,0.029,100
7,"Nuxt.js CSR",Nuxt.js,"Client-Side Rendering",SLOW3G,"Blog List",/blog,https://render-strategy-demo-csr-nuxt-app-c.vercel.app/blog,https://render-strategy-demo-csr-nuxt-app-c.vercel.app/blog,2025-06-12T07:30:50.479Z,4.88,11,4.88,29,7.52,26,4.88,78,0,100,0.029,100
8,"Nuxt.js CSR",Nuxt.js,"Client-Side Rendering",SLOW3G,"Blog List",/blog,https://render-strategy-demo-csr-nuxt-app-c.vercel.app/blog,https://render-strategy-demo-csr-nuxt-app-c.vercel.app/blog,2025-06-12T07:31:08.524Z,5.02,9,5.02,26,7.48,27,5.02,76,0,100,0.029,100
9,"Nuxt.js CSR",Nuxt.js,"Client-Side Rendering",SLOW3G,"Blog List",/blog,https://render-strategy-demo-csr-nuxt-app-c.vercel.app/blog,https://render-strategy-demo-csr-nuxt-app-c.vercel.app/blog,2025-06-12T07:31:26.519Z,4.99,10,4.99,27,7.56,26,4.99,77,0,100,0.029,100
10,"Nuxt.js CSR",Nuxt.js,"Client-Side Rendering",SLOW3G,"Blog List",/blog,https://render-strategy-demo-csr-nuxt-app-c.vercel.app/blog,https://render-strategy-demo-csr-nuxt-app-c.vercel.app/blog,2025-06-12T07:31:44.177Z,5.01,9,5.01,26,7.53,26,5.01,76,0,100,0.029,100