Run,App_Name,Framework,Strategy,Profile,Page_Name,Page_Path,Tested_URL,Final_URL,Timestamp,First Contentful Paint_Value,First Contentful Paint_Score_%,Largest Contentful Paint_Value,Largest Contentful Paint_Score_%,Speed Index_Value,Speed Index_Score_%,Interactive_Value,Interactive_Score_%,Total Blocking Time_Value,Total Blocking Time_Score_%,Cumulative Layout Shift_Value,Cumulative Layout Shift_Score_%
1,"Nuxt.js CSR",Nuxt.js,"Client-Side Rendering",SLOW3G,"About Page",/about,https://render-strategy-demo-csr-nuxt-app-c.vercel.app/about,https://render-strategy-demo-csr-nuxt-app-c.vercel.app/about,2025-06-12T06:55:31.924Z,4.96,10,4.96,27,7.5,26,4.96,77,0,100,0.002,100
2,"Nuxt.js CSR",Nuxt.js,"Client-Side Rendering",SLOW3G,"About Page",/about,https://render-strategy-demo-csr-nuxt-app-c.vercel.app/about,https://render-strategy-demo-csr-nuxt-app-c.vercel.app/about,2025-06-12T06:55:45.433Z,5.04,9,5.04,26,7.57,26,5.04,76,0,100,0.002,100
3,"Nuxt.js CSR",Nuxt.js,"Client-Side Rendering",SLOW3G,"About Page",/about,https://render-strategy-demo-csr-nuxt-app-c.vercel.app/about,https://render-strategy-demo-csr-nuxt-app-c.vercel.app/about,2025-06-12T06:55:58.092Z,4.97,10,4.97,27,7.48,27,4.97,77,0,100,0.002,100
4,"Nuxt.js CSR",Nuxt.js,"Client-Side Rendering",SLOW3G,"About Page",/about,https://render-strategy-demo-csr-nuxt-app-c.vercel.app/about,https://render-strategy-demo-csr-nuxt-app-c.vercel.app/about,2025-06-12T06:56:10.521Z,5.02,9,5.02,26,7.5,27,5.02,76,0,100,0.002,100
5,"Nuxt.js CSR",Nuxt.js,"Client-Side Rendering",SLOW3G,"About Page",/about,https://render-strategy-demo-csr-nuxt-app-c.vercel.app/about,https://render-strategy-demo-csr-nuxt-app-c.vercel.app/about,2025-06-12T06:56:23.746Z,5.17,8,5.17,24,7.58,26,5.17,74,0,100,0.002,100
6,"Nuxt.js CSR",Nuxt.js,"Client-Side Rendering",SLOW3G,"About Page",/about,https://render-strategy-demo-csr-nuxt-app-c.vercel.app/about,https://render-strategy-demo-csr-nuxt-app-c.vercel.app/about,2025-06-12T06:56:36.342Z,5.01,9,5.01,26,7.54,26,5.01,76,0,100,0.002,100
7,"Nuxt.js CSR",Nuxt.js,"Client-Side Rendering",SLOW3G,"About Page",/about,https://render-strategy-demo-csr-nuxt-app-c.vercel.app/about,https://render-strategy-demo-csr-nuxt-app-c.vercel.app/about,2025-06-12T06:56:47.588Z,3.08,47,3.62,60,3.08,93,3.62,91,0,100,0.101,89
8,"Nuxt.js CSR",Nuxt.js,"Client-Side Rendering",SLOW3G,"About Page",/about,https://render-strategy-demo-csr-nuxt-app-c.vercel.app/about,https://render-strategy-demo-csr-nuxt-app-c.vercel.app/about,2025-06-12T06:56:59.991Z,5.09,9,5.09,25,7.58,26,5.09,75,0,100,0.002,100
9,"Nuxt.js CSR",Nuxt.js,"Client-Side Rendering",SLOW3G,"About Page",/about,https://render-strategy-demo-csr-nuxt-app-c.vercel.app/about,https://render-strategy-demo-csr-nuxt-app-c.vercel.app/about,2025-06-12T06:57:12.383Z,5.1,9,5.1,25,7.54,26,5.1,75,0,100,0.002,100
10,"Nuxt.js CSR",Nuxt.js,"Client-Side Rendering",SLOW3G,"About Page",/about,https://render-strategy-demo-csr-nuxt-app-c.vercel.app/about,https://render-strategy-demo-csr-nuxt-app-c.vercel.app/about,2025-06-12T06:57:25.099Z,4.99,10,4.99,27,7.55,26,4.99,77,0,100,0.002,100