Run,App_Name,Framework,Strategy,Profile,Page_Name,Page_Path,Tested_URL,Final_URL,Timestamp,First Contentful Paint_Value,First Contentful Paint_Score_%,Largest Contentful Paint_Value,Largest Contentful Paint_Score_%,Speed Index_Value,Speed Index_Score_%,Interactive_Value,Interactive_Score_%,Total Blocking Time_Value,Total Blocking Time_Score_%,Cumulative Layout Shift_Value,Cumulative Layout Shift_Score_%
1,"SvelteKit CSR",SvelteKit,"Client-Side Rendering",SLOW3G,"Blog Post",/blog/1,https://render-strategy-demo-csr-sveltekit.vercel.app/blog/1,https://render-strategy-demo-csr-sveltekit.vercel.app/blog/1,2025-06-12T08:41:46.188Z,4.95,10,5.99,13,7.24,29,5.99,65,0,100,0,100
2,"SvelteKit CSR",SvelteKit,"Client-Side Rendering",SLOW3G,"Blog Post",/blog/1,https://render-strategy-demo-csr-sveltekit.vercel.app/blog/1,https://render-strategy-demo-csr-sveltekit.vercel.app/blog/1,2025-06-12T08:41:59.431Z,4.97,10,6.16,11,7.31,29,6.16,62,0,100,0,100
3,"SvelteKit CSR",SvelteKit,"Client-Side Rendering",SLOW3G,"Blog Post",/blog/1,https://render-strategy-demo-csr-sveltekit.vercel.app/blog/1,https://render-strategy-demo-csr-sveltekit.vercel.app/blog/1,2025-06-12T08:42:12.515Z,4.98,10,5.47,19,7.17,30,5.49,71,0,100,0,100
4,"SvelteKit CSR",SvelteKit,"Client-Side Rendering",SLOW3G,"Blog Post",/blog/1,https://render-strategy-demo-csr-sveltekit.vercel.app/blog/1,https://render-strategy-demo-csr-sveltekit.vercel.app/blog/1,2025-06-12T08:42:25.568Z,4.98,10,5.47,19,7.19,30,5.49,71,0,100,0,100
5,"SvelteKit CSR",SvelteKit,"Client-Side Rendering",SLOW3G,"Blog Post",/blog/1,https://render-strategy-demo-csr-sveltekit.vercel.app/blog/1,https://render-strategy-demo-csr-sveltekit.vercel.app/blog/1,2025-06-12T08:42:39.586Z,4.95,10,5.55,18,7.21,30,5.56,70,0,100,0,100
6,"SvelteKit CSR",SvelteKit,"Client-Side Rendering",SLOW3G,"Blog Post",/blog/1,https://render-strategy-demo-csr-sveltekit.vercel.app/blog/1,https://render-strategy-demo-csr-sveltekit.vercel.app/blog/1,2025-06-12T08:42:53.033Z,5.15,8,5.52,19,7.27,29,5.52,70,0,100,0,100
7,"SvelteKit CSR",SvelteKit,"Client-Side Rendering",SLOW3G,"Blog Post",/blog/1,https://render-strategy-demo-csr-sveltekit.vercel.app/blog/1,https://render-strategy-demo-csr-sveltekit.vercel.app/blog/1,2025-06-12T08:43:05.966Z,4.99,10,5.15,24,7.19,30,5.17,75,0,100,0,100
8,"SvelteKit CSR",SvelteKit,"Client-Side Rendering",SLOW3G,"Blog Post",/blog/1,https://render-strategy-demo-csr-sveltekit.vercel.app/blog/1,https://render-strategy-demo-csr-sveltekit.vercel.app/blog/1,2025-06-12T08:43:23.540Z,4.96,10,7.41,4,7.19,30,7.41,48,0,100,0,100
9,"SvelteKit CSR",SvelteKit,"Client-Side Rendering",SLOW3G,"Blog Post",/blog/1,https://render-strategy-demo-csr-sveltekit.vercel.app/blog/1,https://render-strategy-demo-csr-sveltekit.vercel.app/blog/1,2025-06-12T08:43:37.453Z,5.03,9,6.19,11,7.34,28,6.19,62,0,100,0,100
10,"SvelteKit CSR",SvelteKit,"Client-Side Rendering",SLOW3G,"Blog Post",/blog/1,https://render-strategy-demo-csr-sveltekit.vercel.app/blog/1,https://render-strategy-demo-csr-sveltekit.vercel.app/blog/1,2025-06-12T08:43:51.918Z,4.97,10,5.46,19,7.19,30,5.48,71,0,100,0,100