Run,App_Name,Framework,Strategy,Profile,Page_Name,Page_Path,Tested_URL,Final_URL,Timestamp,First Contentful Paint_Value,First Contentful Paint_Score_%,Largest Contentful Paint_Value,Largest Contentful Paint_Score_%,Speed Index_Value,Speed Index_Score_%,Interactive_Value,Interactive_Score_%,Total Blocking Time_Value,Total Blocking Time_Score_%,Cumulative Layout Shift_Value,Cumulative Layout Shift_Score_%
1,"SvelteKit CSR",SvelteKit,"Client-Side Rendering",SLOW3G,"Blog List",/blog,https://render-strategy-demo-csr-sveltekit.vercel.app/blog,https://render-strategy-demo-csr-sveltekit.vercel.app/blog,2025-06-12T07:32:01.418Z,4.98,10,5.3,22,7.23,29,5.3,73,0,100,0,100
2,"SvelteKit CSR",SvelteKit,"Client-Side Rendering",SLOW3G,"Blog List",/blog,https://render-strategy-demo-csr-sveltekit.vercel.app/blog,https://render-strategy-demo-csr-sveltekit.vercel.app/blog,2025-06-12T07:32:20.318Z,4.99,10,5.31,21,7.22,30,5.31,73,0,100,0,100
3,"SvelteKit CSR",SvelteKit,"Client-Side Rendering",SLOW3G,"Blog List",/blog,https://render-strategy-demo-csr-sveltekit.vercel.app/blog,https://render-strategy-demo-csr-sveltekit.vercel.app/blog,2025-06-12T07:32:38.576Z,4.99,10,5.31,22,7.31,29,5.31,73,0,100,0,100
4,"SvelteKit CSR",SvelteKit,"Client-Side Rendering",SLOW3G,"Blog List",/blog,https://render-strategy-demo-csr-sveltekit.vercel.app/blog,https://render-strategy-demo-csr-sveltekit.vercel.app/blog,2025-06-12T07:32:56.280Z,5,9,5.32,21,7.27,29,5.32,73,0,100,0,100
5,"SvelteKit CSR",SvelteKit,"Client-Side Rendering",SLOW3G,"Blog List",/blog,https://render-strategy-demo-csr-sveltekit.vercel.app/blog,https://render-strategy-demo-csr-sveltekit.vercel.app/blog,2025-06-12T07:33:13.712Z,4.99,10,5.31,21,7.27,29,5.31,73,0,100,0,100
6,"SvelteKit CSR",SvelteKit,"Client-Side Rendering",SLOW3G,"Blog List",/blog,https://render-strategy-demo-csr-sveltekit.vercel.app/blog,https://render-strategy-demo-csr-sveltekit.vercel.app/blog,2025-06-12T07:33:31.623Z,4.98,10,5.3,22,7.25,29,5.3,73,0,100,0,100
7,"SvelteKit CSR",SvelteKit,"Client-Side Rendering",SLOW3G,"Blog List",/blog,https://render-strategy-demo-csr-sveltekit.vercel.app/blog,https://render-strategy-demo-csr-sveltekit.vercel.app/blog,2025-06-12T07:33:49.890Z,4.98,10,5.3,22,7.15,30,5.3,73,0,100,0,100
8,"SvelteKit CSR",SvelteKit,"Client-Side Rendering",SLOW3G,"Blog List",/blog,https://render-strategy-demo-csr-sveltekit.vercel.app/blog,https://render-strategy-demo-csr-sveltekit.vercel.app/blog,2025-06-12T07:34:08.323Z,5.04,9,5.37,21,7.24,29,5.37,72,0,100,0,100
9,"SvelteKit CSR",SvelteKit,"Client-Side Rendering",SLOW3G,"Blog List",/blog,https://render-strategy-demo-csr-sveltekit.vercel.app/blog,https://render-strategy-demo-csr-sveltekit.vercel.app/blog,2025-06-12T07:34:26.737Z,5.09,9,5.42,20,7.35,28,5.42,71,0,100,0,100
10,"SvelteKit CSR",SvelteKit,"Client-Side Rendering",SLOW3G,"Blog List",/blog,https://render-strategy-demo-csr-sveltekit.vercel.app/blog,https://render-strategy-demo-csr-sveltekit.vercel.app/blog,2025-06-12T07:34:44.865Z,4.99,10,5.32,21,7.23,30,5.32,73,0,100,0,100