Run,App_Name,Framework,Strategy,Profile,Page_Name,Page_Path,Tested_URL,Final_URL,Timestamp,First Contentful Paint_Value,First Contentful Paint_Score_%,Largest Contentful Paint_Value,Largest Contentful Paint_Score_%,Speed Index_Value,Speed Index_Score_%,Interactive_Value,Interactive_Score_%,Total Blocking Time_Value,Total Blocking Time_Score_%,Cumulative Layout Shift_Value,Cumulative Layout Shift_Score_%
1,"SvelteKit CSR",SvelteKit,"Client-Side Rendering",SLOW3G,"About Page",/about,https://render-strategy-demo-csr-sveltekit.vercel.app/about,https://render-strategy-demo-csr-sveltekit.vercel.app/about,2025-06-12T06:57:35.840Z,5.02,9,5.55,18,7.2,30,5.55,70,0,100,0,100
2,"SvelteKit CSR",SvelteKit,"Client-Side Rendering",SLOW3G,"About Page",/about,https://render-strategy-demo-csr-sveltekit.vercel.app/about,https://render-strategy-demo-csr-sveltekit.vercel.app/about,2025-06-12T06:57:49.157Z,5,9,5.52,19,7.3,29,5.52,70,0,100,0,100
3,"SvelteKit CSR",SvelteKit,"Client-Side Rendering",SLOW3G,"About Page",/about,https://render-strategy-demo-csr-sveltekit.vercel.app/about,https://render-strategy-demo-csr-sveltekit.vercel.app/about,2025-06-12T06:58:01.681Z,5.08,9,5.4,20,7.19,30,5.4,72,0,100,0,100
4,"SvelteKit CSR",SvelteKit,"Client-Side Rendering",SLOW3G,"About Page",/about,https://render-strategy-demo-csr-sveltekit.vercel.app/about,https://render-strategy-demo-csr-sveltekit.vercel.app/about,2025-06-12T06:58:14.949Z,4.95,10,4.95,28,7.62,25,4.95,77,0,100,0.044,99
5,"SvelteKit CSR",SvelteKit,"Client-Side Rendering",SLOW3G,"About Page",/about,https://render-strategy-demo-csr-sveltekit.vercel.app/about,https://render-strategy-demo-csr-sveltekit.vercel.app/about,2025-06-12T06:58:27.327Z,5.01,9,5.61,17,7.21,30,5.61,69,0,100,0,100
6,"SvelteKit CSR",SvelteKit,"Client-Side Rendering",SLOW3G,"About Page",/about,https://render-strategy-demo-csr-sveltekit.vercel.app/about,https://render-strategy-demo-csr-sveltekit.vercel.app/about,2025-06-12T06:58:39.731Z,4.98,10,5.39,20,7.16,30,5.39,72,0,100,0,100
7,"SvelteKit CSR",SvelteKit,"Client-Side Rendering",SLOW3G,"About Page",/about,https://render-strategy-demo-csr-sveltekit.vercel.app/about,https://render-strategy-demo-csr-sveltekit.vercel.app/about,2025-06-12T06:58:52.392Z,4.93,10,5.48,19,7.26,29,5.48,71,0,100,0,100
8,"SvelteKit CSR",SvelteKit,"Client-Side Rendering",SLOW3G,"About Page",/about,https://render-strategy-demo-csr-sveltekit.vercel.app/about,https://render-strategy-demo-csr-sveltekit.vercel.app/about,2025-06-12T06:59:04.643Z,4.96,10,5.4,20,7.17,30,5.4,72,0,100,0,100
9,"SvelteKit CSR",SvelteKit,"Client-Side Rendering",SLOW3G,"About Page",/about,https://render-strategy-demo-csr-sveltekit.vercel.app/about,https://render-strategy-demo-csr-sveltekit.vercel.app/about,2025-06-12T06:59:16.889Z,5.01,9,5.36,21,7.22,30,5.36,72,0,100,0,100
10,"SvelteKit CSR",SvelteKit,"Client-Side Rendering",SLOW3G,"About Page",/about,https://render-strategy-demo-csr-sveltekit.vercel.app/about,https://render-strategy-demo-csr-sveltekit.vercel.app/about,2025-06-12T06:59:29.599Z,5,10,5.62,17,7.21,30,5.62,69,0,100,0,100