Run,App_Name,Framework,Strategy,Profile,Page_Name,Page_Path,Tested_URL,Final_URL,Timestamp,First Contentful Paint_Value,First Contentful Paint_Score_%,Largest Contentful Paint_Value,Largest Contentful Paint_Score_%,Speed Index_Value,Speed Index_Score_%,Interactive_Value,Interactive_Score_%,Total Blocking Time_Value,Total Blocking Time_Score_%,Cumulative Layout Shift_Value,Cumulative Layout Shift_Score_%
1,"Next.js ISR",Next.js,"Incremental Static Regeneration",SLOW3G,"About Page",/about,https://render-strategy-demo-next-app-isr.vercel.app/about,https://render-strategy-demo-next-app-isr.vercel.app/about,2025-06-12T07:11:09.823Z,2.55,65,5.46,19,7.08,31,5.46,71,71,99,0,100
2,"Next.js ISR",Next.js,"Incremental Static Regeneration",SLOW3G,"About Page",/about,https://render-strategy-demo-next-app-isr.vercel.app/about,https://render-strategy-demo-next-app-isr.vercel.app/about,2025-06-12T07:11:22.977Z,1.83,89,6.99,6,2.7,96,7.01,53,41,100,0,100
3,"Next.js ISR",Next.js,"Incremental Static Regeneration",SLOW3G,"About Page",/about,https://render-strategy-demo-next-app-isr.vercel.app/about,https://render-strategy-demo-next-app-isr.vercel.app/about,2025-06-12T07:11:33.959Z,1.84,88,5.4,20,3.89,82,5.4,72,30,100,0,100
4,"Next.js ISR",Next.js,"Incremental Static Regeneration",SLOW3G,"About Page",/about,https://render-strategy-demo-next-app-isr.vercel.app/about,https://render-strategy-demo-next-app-isr.vercel.app/about,2025-06-12T07:11:48.620Z,1.86,88,7.3,5,4.81,67,7.31,49,56,100,0,100
5,"Next.js ISR",Next.js,"Incremental Static Regeneration",SLOW3G,"About Page",/about,https://render-strategy-demo-next-app-isr.vercel.app/about,https://render-strategy-demo-next-app-isr.vercel.app/about,2025-06-12T07:12:03.043Z,2.02,84,7.59,4,3.89,82,7.59,47,51,100,0,100
6,"Next.js ISR",Next.js,"Incremental Static Regeneration",SLOW3G,"About Page",/about,https://render-strategy-demo-next-app-isr.vercel.app/about,https://render-strategy-demo-next-app-isr.vercel.app/about,2025-06-12T07:12:13.666Z,1.82,89,5.38,20,1.82,100,5.38,72,57,100,0,100
7,"Next.js ISR",Next.js,"Incremental Static Regeneration",SLOW3G,"About Page",/about,https://render-strategy-demo-next-app-isr.vercel.app/about,https://render-strategy-demo-next-app-isr.vercel.app/about,2025-06-12T07:12:24.884Z,1.84,89,5.57,18,1.84,100,5.57,70,76,99,0,100
8,"Next.js ISR",Next.js,"Incremental Static Regeneration",SLOW3G,"About Page",/about,https://render-strategy-demo-next-app-isr.vercel.app/about,https://render-strategy-demo-next-app-isr.vercel.app/about,2025-06-12T07:12:35.807Z,1.83,89,5.6,17,1.83,100,5.6,69,74,99,0,100
9,"Next.js ISR",Next.js,"Incremental Static Regeneration",SLOW3G,"About Page",/about,https://render-strategy-demo-next-app-isr.vercel.app/about,https://render-strategy-demo-next-app-isr.vercel.app/about,2025-06-12T07:12:46.877Z,1.83,89,5.47,19,1.83,100,5.47,71,52,100,0,100
10,"Next.js ISR",Next.js,"Incremental Static Regeneration",SLOW3G,"About Page",/about,https://render-strategy-demo-next-app-isr.vercel.app/about,https://render-strategy-demo-next-app-isr.vercel.app/about,2025-06-12T07:12:58.106Z,1.83,89,5.35,21,3.89,82,5.35,72,187,91,0,100