Run,App_Name,Framework,Strategy,Profile,Page_Name,Page_Path,Tested_URL,Final_URL,Timestamp,First Contentful Paint_Value,First Contentful Paint_Score_%,Largest Contentful Paint_Value,Largest Contentful Paint_Score_%,Speed Index_Value,Speed Index_Score_%,Interactive_Value,Interactive_Score_%,Total Blocking Time_Value,Total Blocking Time_Score_%,Cumulative Layout Shift_Value,Cumulative Layout Shift_Score_%
1,"Next.js ISR",Next.js,"Incremental Static Regeneration",SLOW3G,"Blog Post",/blog/1,https://render-strategy-demo-next-app-isr.vercel.app/blog/1,https://render-strategy-demo-next-app-isr.vercel.app/blog/1,2025-06-12T08:56:22.738Z,1.84,89,4.71,32,3.87,83,4.72,80,81,99,0,100
2,"Next.js ISR",Next.js,"Incremental Static Regeneration",SLOW3G,"Blog Post",/blog/1,https://render-strategy-demo-next-app-isr.vercel.app/blog/1,https://render-strategy-demo-next-app-isr.vercel.app/blog/1,2025-06-12T08:56:34.872Z,1.87,88,4.8,30,3.96,81,4.83,78,33,100,0,100
3,"Next.js ISR",Next.js,"Incremental Static Regeneration",SLOW3G,"Blog Post",/blog/1,https://render-strategy-demo-next-app-isr.vercel.app/blog/1,https://render-strategy-demo-next-app-isr.vercel.app/blog/1,2025-06-12T08:56:47.165Z,1.84,88,4.99,27,3.95,81,5,76,37,100,0,100
4,"Next.js ISR",Next.js,"Incremental Static Regeneration",SLOW3G,"Blog Post",/blog/1,https://render-strategy-demo-next-app-isr.vercel.app/blog/1,https://render-strategy-demo-next-app-isr.vercel.app/blog/1,2025-06-12T08:56:58.514Z,1.83,89,5.91,14,1.87,100,5.91,66,72,99,0,100
5,"Next.js ISR",Next.js,"Incremental Static Regeneration",SLOW3G,"Blog Post",/blog/1,https://render-strategy-demo-next-app-isr.vercel.app/blog/1,https://render-strategy-demo-next-app-isr.vercel.app/blog/1,2025-06-12T08:57:09.751Z,2.17,79,5.4,20,4.71,69,5.4,72,67,99,0,100
6,"Next.js ISR",Next.js,"Incremental Static Regeneration",SLOW3G,"Blog Post",/blog/1,https://render-strategy-demo-next-app-isr.vercel.app/blog/1,https://render-strategy-demo-next-app-isr.vercel.app/blog/1,2025-06-12T08:57:20.550Z,1.83,89,5.76,16,1.83,100,5.76,67,56,100,0,100
7,"Next.js ISR",Next.js,"Incremental Static Regeneration",SLOW3G,"Blog Post",/blog/1,https://render-strategy-demo-next-app-isr.vercel.app/blog/1,https://render-strategy-demo-next-app-isr.vercel.app/blog/1,2025-06-12T08:57:32.960Z,1.82,89,5.9,14,1.91,100,5.9,66,66,99,0,100
8,"Next.js ISR",Next.js,"Incremental Static Regeneration",SLOW3G,"Blog Post",/blog/1,https://render-strategy-demo-next-app-isr.vercel.app/blog/1,https://render-strategy-demo-next-app-isr.vercel.app/blog/1,2025-06-12T08:57:44.958Z,1.83,89,6.05,12,3.83,83,6.05,64,55,100,0,100
9,"Next.js ISR",Next.js,"Incremental Static Regeneration",SLOW3G,"Blog Post",/blog/1,https://render-strategy-demo-next-app-isr.vercel.app/blog/1,https://render-strategy-demo-next-app-isr.vercel.app/blog/1,2025-06-12T08:57:57.343Z,1.82,89,6.78,7,2.51,98,6.78,55,62,100,0,100
10,"Next.js ISR",Next.js,"Incremental Static Regeneration",SLOW3G,"Blog Post",/blog/1,https://render-strategy-demo-next-app-isr.vercel.app/blog/1,https://render-strategy-demo-next-app-isr.vercel.app/blog/1,2025-06-12T08:58:08.796Z,2.17,79,5.29,22,4.62,70,5.29,73,64,100,0,100