Run,App_Name,Framework,Strategy,Profile,Page_Name,Page_Path,Tested_URL,Final_URL,Timestamp,First Contentful Paint_Value,First Contentful Paint_Score_%,Largest Contentful Paint_Value,Largest Contentful Paint_Score_%,Speed Index_Value,Speed Index_Score_%,Interactive_Value,Interactive_Score_%,Total Blocking Time_Value,Total Blocking Time_Score_%,Cumulative Layout Shift_Value,Cumulative Layout Shift_Score_%
1,"Next.js ISR",Next.js,"Incremental Static Regeneration",SLOW3G,"Blog List",/blog,https://render-strategy-demo-next-app-isr.vercel.app/blog,https://render-strategy-demo-next-app-isr.vercel.app/blog,2025-06-12T07:51:01.994Z,2.24,76,5.39,20,4.87,66,5.39,72,72,99,0,100
2,"Next.js ISR",Next.js,"Incremental Static Regeneration",SLOW3G,"Blog List",/blog,https://render-strategy-demo-next-app-isr.vercel.app/blog,https://render-strategy-demo-next-app-isr.vercel.app/blog,2025-06-12T07:51:16.459Z,1.95,85,4.78,31,3.79,84,4.79,79,30,100,0,100
3,"Next.js ISR",Next.js,"Incremental Static Regeneration",SLOW3G,"Blog List",/blog,https://render-strategy-demo-next-app-isr.vercel.app/blog,https://render-strategy-demo-next-app-isr.vercel.app/blog,2025-06-12T07:51:29.677Z,1.94,86,6.01,13,1.94,100,6.01,64,36,100,0,100
4,"Next.js ISR",Next.js,"Incremental Static Regeneration",SLOW3G,"Blog List",/blog,https://render-strategy-demo-next-app-isr.vercel.app/blog,https://render-strategy-demo-next-app-isr.vercel.app/blog,2025-06-12T07:51:47.510Z,2.33,73,6.26,11,7.26,29,6.26,61,246,85,0,100
5,"Next.js ISR",Next.js,"Incremental Static Regeneration",SLOW3G,"Blog List",/blog,https://render-strategy-demo-next-app-isr.vercel.app/blog,https://render-strategy-demo-next-app-isr.vercel.app/blog,2025-06-12T07:52:03.051Z,2.26,76,5.22,23,6.94,33,5.24,74,89,99,0,100
6,"Next.js ISR",Next.js,"Incremental Static Regeneration",SLOW3G,"Blog List",/blog,https://render-strategy-demo-next-app-isr.vercel.app/blog,https://render-strategy-demo-next-app-isr.vercel.app/blog,2025-06-12T07:52:18.250Z,2.34,73,5.01,27,6.91,33,5.02,76,119,97,0,100
7,"Next.js ISR",Next.js,"Incremental Static Regeneration",SLOW3G,"Blog List",/blog,https://render-strategy-demo-next-app-isr.vercel.app/blog,https://render-strategy-demo-next-app-isr.vercel.app/blog,2025-06-12T07:52:32.611Z,1.93,86,5.43,20,1.93,100,5.43,71,75,99,0,100
8,"Next.js ISR",Next.js,"Incremental Static Regeneration",SLOW3G,"Blog List",/blog,https://render-strategy-demo-next-app-isr.vercel.app/blog,https://render-strategy-demo-next-app-isr.vercel.app/blog,2025-06-12T07:52:46.858Z,1.92,86,5.74,16,1.92,100,5.74,68,79,99,0,100
9,"Next.js ISR",Next.js,"Incremental Static Regeneration",SLOW3G,"Blog List",/blog,https://render-strategy-demo-next-app-isr.vercel.app/blog,https://render-strategy-demo-next-app-isr.vercel.app/blog,2025-06-12T07:53:01.490Z,1.97,85,4.95,27,3.94,82,4.98,77,67,99,0,100
10,"Next.js ISR",Next.js,"Incremental Static Regeneration",SLOW3G,"Blog List",/blog,https://render-strategy-demo-next-app-isr.vercel.app/blog,https://render-strategy-demo-next-app-isr.vercel.app/blog,2025-06-12T07:53:16.152Z,2,84,5.03,26,3.9,82,5.07,76,55,100,0,100