Run,App_Name,Framework,Strategy,Profile,Page_Name,Page_Path,Tested_URL,Final_URL,Timestamp,First Contentful Paint_Value,First Contentful Paint_Score_%,Largest Contentful Paint_Value,Largest Contentful Paint_Score_%,Speed Index_Value,Speed Index_Score_%,Interactive_Value,Interactive_Score_%,Total Blocking Time_Value,Total Blocking Time_Score_%,Cumulative Layout Shift_Value,Cumulative Layout Shift_Score_%
1,"Nuxt.js ISR",Nuxt.js,"Incremental Static Regeneration",SLOW3G,"Blog Post",/blog/1,https://render-strategy-demo-nuxt-app-isr.vercel.app/blog/1,https://render-strategy-demo-nuxt-app-isr.vercel.app/blog/1,2025-06-12T08:58:18.654Z,5.27,7,5.27,22,5.27,58,5.27,73,0,100,0,100
2,"Nuxt.js ISR",Nuxt.js,"Incremental Static Regeneration",SLOW3G,"Blog Post",/blog/1,https://render-strategy-demo-nuxt-app-isr.vercel.app/blog/1,https://render-strategy-demo-nuxt-app-isr.vercel.app/blog/1,2025-06-12T08:58:29.818Z,5.28,7,5.28,22,5.28,58,5.28,73,0,100,0,100
3,"Nuxt.js ISR",Nuxt.js,"Incremental Static Regeneration",SLOW3G,"Blog Post",/blog/1,https://render-strategy-demo-nuxt-app-isr.vercel.app/blog/1,https://render-strategy-demo-nuxt-app-isr.vercel.app/blog/1,2025-06-12T08:58:40.948Z,5.31,7,5.31,22,5.31,58,5.31,73,0,100,0,100
4,"Nuxt.js ISR",Nuxt.js,"Incremental Static Regeneration",SLOW3G,"Blog Post",/blog/1,https://render-strategy-demo-nuxt-app-isr.vercel.app/blog/1,https://render-strategy-demo-nuxt-app-isr.vercel.app/blog/1,2025-06-12T08:58:52.131Z,5.29,7,5.29,22,5.29,58,5.29,73,0,100,0,100
5,"Nuxt.js ISR",Nuxt.js,"Incremental Static Regeneration",SLOW3G,"Blog Post",/blog/1,https://render-strategy-demo-nuxt-app-isr.vercel.app/blog/1,https://render-strategy-demo-nuxt-app-isr.vercel.app/blog/1,2025-06-12T08:59:03.207Z,5.28,7,5.28,22,5.28,58,5.28,73,0,100,0,100
6,"Nuxt.js ISR",Nuxt.js,"Incremental Static Regeneration",SLOW3G,"Blog Post",/blog/1,https://render-strategy-demo-nuxt-app-isr.vercel.app/blog/1,https://render-strategy-demo-nuxt-app-isr.vercel.app/blog/1,2025-06-12T08:59:14.599Z,5.26,7,5.26,22,5.26,59,5.26,73,0,100,0,100
7,"Nuxt.js ISR",Nuxt.js,"Incremental Static Regeneration",SLOW3G,"Blog Post",/blog/1,https://render-strategy-demo-nuxt-app-isr.vercel.app/blog/1,https://render-strategy-demo-nuxt-app-isr.vercel.app/blog/1,2025-06-12T08:59:25.774Z,5.27,7,5.27,22,5.27,58,5.27,73,0,100,0,100
8,"Nuxt.js ISR",Nuxt.js,"Incremental Static Regeneration",SLOW3G,"Blog Post",/blog/1,https://render-strategy-demo-nuxt-app-isr.vercel.app/blog/1,https://render-strategy-demo-nuxt-app-isr.vercel.app/blog/1,2025-06-12T08:59:37.069Z,5.32,7,5.32,21,5.32,58,5.32,73,0,100,0,100
9,"Nuxt.js ISR",Nuxt.js,"Incremental Static Regeneration",SLOW3G,"Blog Post",/blog/1,https://render-strategy-demo-nuxt-app-isr.vercel.app/blog/1,https://render-strategy-demo-nuxt-app-isr.vercel.app/blog/1,2025-06-12T08:59:48.428Z,5.31,7,5.31,22,5.31,58,5.31,73,0,100,0,100
10,"Nuxt.js ISR",Nuxt.js,"Incremental Static Regeneration",SLOW3G,"Blog Post",/blog/1,https://render-strategy-demo-nuxt-app-isr.vercel.app/blog/1,https://render-strategy-demo-nuxt-app-isr.vercel.app/blog/1,2025-06-12T08:59:59.662Z,5.27,7,5.27,22,5.27,59,5.27,73,0,100,0,100