Run,App_Name,Framework,Strategy,Profile,Page_Name,Page_Path,Tested_URL,Final_URL,Timestamp,First Contentful Paint_Value,First Contentful Paint_Score_%,Largest Contentful Paint_Value,Largest Contentful Paint_Score_%,Speed Index_Value,Speed Index_Score_%,Interactive_Value,Interactive_Score_%,Total Blocking Time_Value,Total Blocking Time_Score_%,Cumulative Layout Shift_Value,Cumulative Layout Shift_Score_%
1,"Nuxt.js ISR",Nuxt.js,"Incremental Static Regeneration",SLOW3G,"About Page",/about,https://render-strategy-demo-nuxt-app-isr.vercel.app/about,https://render-strategy-demo-nuxt-app-isr.vercel.app/about,2025-06-12T07:13:07.758Z,5.06,9,5.06,26,5.06,62,5.06,76,0,100,0,100
2,"Nuxt.js ISR",Nuxt.js,"Incremental Static Regeneration",SLOW3G,"About Page",/about,https://render-strategy-demo-nuxt-app-isr.vercel.app/about,https://render-strategy-demo-nuxt-app-isr.vercel.app/about,2025-06-12T07:13:19.168Z,5.07,9,5.07,25,5.07,62,5.07,76,0,100,0,100
3,"Nuxt.js ISR",Nuxt.js,"Incremental Static Regeneration",SLOW3G,"About Page",/about,https://render-strategy-demo-nuxt-app-isr.vercel.app/about,https://render-strategy-demo-nuxt-app-isr.vercel.app/about,2025-06-12T07:13:31.026Z,5.04,9,5.04,26,5.04,63,5.04,76,0,100,0,100
4,"Nuxt.js ISR",Nuxt.js,"Incremental Static Regeneration",SLOW3G,"About Page",/about,https://render-strategy-demo-nuxt-app-isr.vercel.app/about,https://render-strategy-demo-nuxt-app-isr.vercel.app/about,2025-06-12T07:13:42.928Z,5.03,9,5.03,26,5.03,63,5.03,76,0,100,0,100
5,"Nuxt.js ISR",Nuxt.js,"Incremental Static Regeneration",SLOW3G,"About Page",/about,https://render-strategy-demo-nuxt-app-isr.vercel.app/about,https://render-strategy-demo-nuxt-app-isr.vercel.app/about,2025-06-12T07:13:55.023Z,5.01,9,5.01,27,5.01,63,5.01,76,0,100,0,100
6,"Nuxt.js ISR",Nuxt.js,"Incremental Static Regeneration",SLOW3G,"About Page",/about,https://render-strategy-demo-nuxt-app-isr.vercel.app/about,https://render-strategy-demo-nuxt-app-isr.vercel.app/about,2025-06-12T07:14:06.755Z,5.03,9,5.03,26,5.03,63,5.03,76,0,100,0,100
7,"Nuxt.js ISR",Nuxt.js,"Incremental Static Regeneration",SLOW3G,"About Page",/about,https://render-strategy-demo-nuxt-app-isr.vercel.app/about,https://render-strategy-demo-nuxt-app-isr.vercel.app/about,2025-06-12T07:14:18.044Z,3.02,49,3.32,69,3.02,94,3.35,93,0,100,0.002,100
8,"Nuxt.js ISR",Nuxt.js,"Incremental Static Regeneration",SLOW3G,"About Page",/about,https://render-strategy-demo-nuxt-app-isr.vercel.app/about,https://render-strategy-demo-nuxt-app-isr.vercel.app/about,2025-06-12T07:14:29.878Z,4.99,10,4.99,27,4.99,64,4.99,77,0,100,0,100
9,"Nuxt.js ISR",Nuxt.js,"Incremental Static Regeneration",SLOW3G,"About Page",/about,https://render-strategy-demo-nuxt-app-isr.vercel.app/about,https://render-strategy-demo-nuxt-app-isr.vercel.app/about,2025-06-12T07:14:41.701Z,4.97,10,4.97,27,4.97,64,4.97,77,0,100,0,100
10,"Nuxt.js ISR",Nuxt.js,"Incremental Static Regeneration",SLOW3G,"About Page",/about,https://render-strategy-demo-nuxt-app-isr.vercel.app/about,https://render-strategy-demo-nuxt-app-isr.vercel.app/about,2025-06-12T07:14:53.263Z,4.86,11,4.86,29,4.86,66,4.86,78,0,100,0,100