Run,App_Name,Framework,Strategy,Profile,Page_Name,Page_Path,Tested_URL,Final_URL,Timestamp,First Contentful Paint_Value,First Contentful Paint_Score_%,Largest Contentful Paint_Value,Largest Contentful Paint_Score_%,Speed Index_Value,Speed Index_Score_%,Interactive_Value,Interactive_Score_%,Total Blocking Time_Value,Total Blocking Time_Score_%,Cumulative Layout Shift_Value,Cumulative Layout Shift_Score_%
1,"Nuxt.js ISR",Nuxt.js,"Incremental Static Regeneration",SLOW3G,"Blog List",/blog,https://render-strategy-demo-nuxt-app-isr.vercel.app/blog,https://render-strategy-demo-nuxt-app-isr.vercel.app/blog,2025-06-12T07:53:31.883Z,5.31,7,5.31,22,5.31,58,5.31,73,0,100,0,100
2,"Nuxt.js ISR",Nuxt.js,"Incremental Static Regeneration",SLOW3G,"Blog List",/blog,https://render-strategy-demo-nuxt-app-isr.vercel.app/blog,https://render-strategy-demo-nuxt-app-isr.vercel.app/blog,2025-06-12T07:53:50.007Z,5.42,6,5.42,20,5.42,56,5.42,71,0,100,0,100
3,"Nuxt.js ISR",Nuxt.js,"Incremental Static Regeneration",SLOW3G,"Blog List",/blog,https://render-strategy-demo-nuxt-app-isr.vercel.app/blog,https://render-strategy-demo-nuxt-app-isr.vercel.app/blog,2025-06-12T07:54:08.414Z,5.3,7,5.3,22,7.28,29,5.3,73,0,100,0,100
4,"Nuxt.js ISR",Nuxt.js,"Incremental Static Regeneration",SLOW3G,"Blog List",/blog,https://render-strategy-demo-nuxt-app-isr.vercel.app/blog,https://render-strategy-demo-nuxt-app-isr.vercel.app/blog,2025-06-12T07:54:25.377Z,5.34,7,5.34,21,5.34,57,5.34,72,0,100,0,100
5,"Nuxt.js ISR",Nuxt.js,"Incremental Static Regeneration",SLOW3G,"Blog List",/blog,https://render-strategy-demo-nuxt-app-isr.vercel.app/blog,https://render-strategy-demo-nuxt-app-isr.vercel.app/blog,2025-06-12T07:54:42.403Z,5.28,7,5.28,22,5.28,58,5.28,73,0,100,0,100
6,"Nuxt.js ISR",Nuxt.js,"Incremental Static Regeneration",SLOW3G,"Blog List",/blog,https://render-strategy-demo-nuxt-app-isr.vercel.app/blog,https://render-strategy-demo-nuxt-app-isr.vercel.app/blog,2025-06-12T07:54:59.188Z,5.3,7,5.3,22,5.3,58,5.3,73,0,100,0,100
7,"Nuxt.js ISR",Nuxt.js,"Incremental Static Regeneration",SLOW3G,"Blog List",/blog,https://render-strategy-demo-nuxt-app-isr.vercel.app/blog,https://render-strategy-demo-nuxt-app-isr.vercel.app/blog,2025-06-12T07:55:16.083Z,5.47,6,5.47,19,5.47,55,5.47,71,0,100,0,100
8,"Nuxt.js ISR",Nuxt.js,"Incremental Static Regeneration",SLOW3G,"Blog List",/blog,https://render-strategy-demo-nuxt-app-isr.vercel.app/blog,https://render-strategy-demo-nuxt-app-isr.vercel.app/blog,2025-06-12T07:55:32.706Z,5.44,6,5.44,20,5.44,56,5.44,71,0,100,0,100
9,"Nuxt.js ISR",Nuxt.js,"Incremental Static Regeneration",SLOW3G,"Blog List",/blog,https://render-strategy-demo-nuxt-app-isr.vercel.app/blog,https://render-strategy-demo-nuxt-app-isr.vercel.app/blog,2025-06-12T07:55:49.770Z,5.27,7,5.27,22,5.27,59,5.27,73,0,100,0,100
10,"Nuxt.js ISR",Nuxt.js,"Incremental Static Regeneration",SLOW3G,"Blog List",/blog,https://render-strategy-demo-nuxt-app-isr.vercel.app/blog,https://render-strategy-demo-nuxt-app-isr.vercel.app/blog,2025-06-12T07:56:06.733Z,5.32,7,5.32,21,5.32,58,5.32,73,0,100,0,100