Run,App_Name,Framework,Strategy,Profile,Page_Name,Page_Path,Tested_URL,Final_URL,Timestamp,First Contentful Paint_Value,First Contentful Paint_Score_%,Largest Contentful Paint_Value,Largest Contentful Paint_Score_%,Speed Index_Value,Speed Index_Score_%,Interactive_Value,Interactive_Score_%,Total Blocking Time_Value,Total Blocking Time_Score_%,Cumulative Layout Shift_Value,Cumulative Layout Shift_Score_%
1,"SvelteKit ISR",SvelteKit,"Incremental Static Regeneration",SLOW3G,"Blog Post",/blog/1,https://render-strategy-demo-sveltekit-app-rho.vercel.app/blog/1,https://render-strategy-demo-sveltekit-app-rho.vercel.app/blog/1,2025-06-12T09:00:10.440Z,4.98,10,6.14,12,5.53,54,6.14,63,0,100,0,100
2,"SvelteKit ISR",SvelteKit,"Incremental Static Regeneration",SLOW3G,"Blog Post",/blog/1,https://render-strategy-demo-sveltekit-app-rho.vercel.app/blog/1,https://render-strategy-demo-sveltekit-app-rho.vercel.app/blog/1,2025-06-12T09:00:22.583Z,5.01,9,5.42,20,5.03,63,5.42,71,0,100,0,100
3,"SvelteKit ISR",SvelteKit,"Incremental Static Regeneration",SLOW3G,"Blog Post",/blog/1,https://render-strategy-demo-sveltekit-app-rho.vercel.app/blog/1,https://render-strategy-demo-sveltekit-app-rho.vercel.app/blog/1,2025-06-12T09:00:34.714Z,4.98,10,5.76,15,4.98,64,5.76,67,0,100,0,100
4,"SvelteKit ISR",SvelteKit,"Incremental Static Regeneration",SLOW3G,"Blog Post",/blog/1,https://render-strategy-demo-sveltekit-app-rho.vercel.app/blog/1,https://render-strategy-demo-sveltekit-app-rho.vercel.app/blog/1,2025-06-12T09:00:46.446Z,4.99,10,5.4,20,5.01,63,5.4,72,0,100,0,100
5,"SvelteKit ISR",SvelteKit,"Incremental Static Regeneration",SLOW3G,"Blog Post",/blog/1,https://render-strategy-demo-sveltekit-app-rho.vercel.app/blog/1,https://render-strategy-demo-sveltekit-app-rho.vercel.app/blog/1,2025-06-12T09:00:58.534Z,5.01,9,5.42,20,5.01,63,5.42,71,0,100,0,100
6,"SvelteKit ISR",SvelteKit,"Incremental Static Regeneration",SLOW3G,"Blog Post",/blog/1,https://render-strategy-demo-sveltekit-app-rho.vercel.app/blog/1,https://render-strategy-demo-sveltekit-app-rho.vercel.app/blog/1,2025-06-12T09:01:10.869Z,5.01,9,5.83,15,5.28,58,5.83,66,0,100,0,100
7,"SvelteKit ISR",SvelteKit,"Incremental Static Regeneration",SLOW3G,"Blog Post",/blog/1,https://render-strategy-demo-sveltekit-app-rho.vercel.app/blog/1,https://render-strategy-demo-sveltekit-app-rho.vercel.app/blog/1,2025-06-12T09:01:23.343Z,5.02,9,5.74,16,5.03,63,5.74,68,0,100,0,100
8,"SvelteKit ISR",SvelteKit,"Incremental Static Regeneration",SLOW3G,"Blog Post",/blog/1,https://render-strategy-demo-sveltekit-app-rho.vercel.app/blog/1,https://render-strategy-demo-sveltekit-app-rho.vercel.app/blog/1,2025-06-12T09:01:36.616Z,4.99,10,5.94,14,5.4,56,5.94,65,0,100,0,100
9,"SvelteKit ISR",SvelteKit,"Incremental Static Regeneration",SLOW3G,"Blog Post",/blog/1,https://render-strategy-demo-sveltekit-app-rho.vercel.app/blog/1,https://render-strategy-demo-sveltekit-app-rho.vercel.app/blog/1,2025-06-12T09:01:50.960Z,4.97,10,6.69,8,5.65,52,6.69,56,0,100,0,100
10,"SvelteKit ISR",SvelteKit,"Incremental Static Regeneration",SLOW3G,"Blog Post",/blog/1,https://render-strategy-demo-sveltekit-app-rho.vercel.app/blog/1,https://render-strategy-demo-sveltekit-app-rho.vercel.app/blog/1,2025-06-12T09:02:03.034Z,5.13,8,5.57,18,5.15,61,5.57,70,0,100,0,100