Run,App_Name,Framework,Strategy,Profile,Page_Name,Page_Path,Tested_URL,Final_URL,Timestamp,First Contentful Paint_Value,First Contentful Paint_Score_%,Largest Contentful Paint_Value,Largest Contentful Paint_Score_%,Speed Index_Value,Speed Index_Score_%,Interactive_Value,Interactive_Score_%,Total Blocking Time_Value,Total Blocking Time_Score_%,Cumulative Layout Shift_Value,Cumulative Layout Shift_Score_%
1,"SvelteKit ISR",SvelteKit,"Incremental Static Regeneration",SLOW3G,"About Page",/about,https://render-strategy-demo-sveltekit-app-rho.vercel.app/about,https://render-strategy-demo-sveltekit-app-rho.vercel.app/about,2025-06-12T07:15:03.315Z,4.98,10,5.86,14,4.98,64,5.86,66,0,100,0,100
2,"SvelteKit ISR",SvelteKit,"Incremental Static Regeneration",SLOW3G,"About Page",/about,https://render-strategy-demo-sveltekit-app-rho.vercel.app/about,https://render-strategy-demo-sveltekit-app-rho.vercel.app/about,2025-06-12T07:15:15.347Z,5,9,5.45,19,5,63,5.45,71,0,100,0,100
3,"SvelteKit ISR",SvelteKit,"Incremental Static Regeneration",SLOW3G,"About Page",/about,https://render-strategy-demo-sveltekit-app-rho.vercel.app/about,https://render-strategy-demo-sveltekit-app-rho.vercel.app/about,2025-06-12T07:15:27.218Z,5,10,5.41,20,5,63,5.41,72,0,100,0,100
4,"SvelteKit ISR",SvelteKit,"Incremental Static Regeneration",SLOW3G,"About Page",/about,https://render-strategy-demo-sveltekit-app-rho.vercel.app/about,https://render-strategy-demo-sveltekit-app-rho.vercel.app/about,2025-06-12T07:15:39.131Z,4.94,10,5.44,20,4.94,64,5.44,71,0,100,0,100
5,"SvelteKit ISR",SvelteKit,"Incremental Static Regeneration",SLOW3G,"About Page",/about,https://render-strategy-demo-sveltekit-app-rho.vercel.app/about,https://render-strategy-demo-sveltekit-app-rho.vercel.app/about,2025-06-12T07:15:50.839Z,5.02,9,5.48,19,5.02,63,5.48,71,0,100,0,100
6,"SvelteKit ISR",SvelteKit,"Incremental Static Regeneration",SLOW3G,"About Page",/about,https://render-strategy-demo-sveltekit-app-rho.vercel.app/about,https://render-strategy-demo-sveltekit-app-rho.vercel.app/about,2025-06-12T07:16:02.673Z,5.08,9,5.46,19,5.08,62,5.46,71,0,100,0,100
7,"SvelteKit ISR",SvelteKit,"Incremental Static Regeneration",SLOW3G,"About Page",/about,https://render-strategy-demo-sveltekit-app-rho.vercel.app/about,https://render-strategy-demo-sveltekit-app-rho.vercel.app/about,2025-06-12T07:16:14.890Z,5.02,9,5.33,21,5.02,63,5.33,72,0,100,0,100
8,"SvelteKit ISR",SvelteKit,"Incremental Static Regeneration",SLOW3G,"About Page",/about,https://render-strategy-demo-sveltekit-app-rho.vercel.app/about,https://render-strategy-demo-sveltekit-app-rho.vercel.app/about,2025-06-12T07:16:26.950Z,5.09,9,5.6,17,5.09,62,5.6,69,0,100,0,100
9,"SvelteKit ISR",SvelteKit,"Incremental Static Regeneration",SLOW3G,"About Page",/about,https://render-strategy-demo-sveltekit-app-rho.vercel.app/about,https://render-strategy-demo-sveltekit-app-rho.vercel.app/about,2025-06-12T07:16:40.719Z,4.98,10,5.79,15,7.29,29,5.79,67,0,100,0.098,90
10,"SvelteKit ISR",SvelteKit,"Incremental Static Regeneration",SLOW3G,"About Page",/about,https://render-strategy-demo-sveltekit-app-rho.vercel.app/about,https://render-strategy-demo-sveltekit-app-rho.vercel.app/about,2025-06-12T07:16:52.916Z,5.07,9,5.73,16,5.07,62,5.73,68,0,100,0,100