Run,App_Name,Framework,Strategy,Profile,Page_Name,Page_Path,Tested_URL,Final_URL,Timestamp,First Contentful Paint_Value,First Contentful Paint_Score_%,Largest Contentful Paint_Value,Largest Contentful Paint_Score_%,Speed Index_Value,Speed Index_Score_%,Interactive_Value,Interactive_Score_%,Total Blocking Time_Value,Total Blocking Time_Score_%,Cumulative Layout Shift_Value,Cumulative Layout Shift_Score_%
1,"SvelteKit ISR",SvelteKit,"Incremental Static Regeneration",SLOW3G,"Blog List",/blog,https://render-strategy-demo-sveltekit-app-rho.vercel.app/blog,https://render-strategy-demo-sveltekit-app-rho.vercel.app/blog,2025-06-12T07:56:18.456Z,5.01,9,5.34,21,5.11,61,5.34,72,0,100,0,100
2,"SvelteKit ISR",SvelteKit,"Incremental Static Regeneration",SLOW3G,"Blog List",/blog,https://render-strategy-demo-sveltekit-app-rho.vercel.app/blog,https://render-strategy-demo-sveltekit-app-rho.vercel.app/blog,2025-06-12T07:56:32.069Z,5,9,5.33,21,5.1,62,5.33,73,0,100,0,100
3,"SvelteKit ISR",SvelteKit,"Incremental Static Regeneration",SLOW3G,"Blog List",/blog,https://render-strategy-demo-sveltekit-app-rho.vercel.app/blog,https://render-strategy-demo-sveltekit-app-rho.vercel.app/blog,2025-06-12T07:56:45.543Z,5.17,8,5.53,18,5.17,60,5.53,70,0,100,0,100
4,"SvelteKit ISR",SvelteKit,"Incremental Static Regeneration",SLOW3G,"Blog List",/blog,https://render-strategy-demo-sveltekit-app-rho.vercel.app/blog,https://render-strategy-demo-sveltekit-app-rho.vercel.app/blog,2025-06-12T07:56:59.092Z,4.96,10,5.28,22,4.96,64,5.28,73,0,100,0,100
5,"SvelteKit ISR",SvelteKit,"Incremental Static Regeneration",SLOW3G,"Blog List",/blog,https://render-strategy-demo-sveltekit-app-rho.vercel.app/blog,https://render-strategy-demo-sveltekit-app-rho.vercel.app/blog,2025-06-12T07:57:12.497Z,4.98,10,5.31,22,4.98,64,5.31,73,0,100,0,100
6,"SvelteKit ISR",SvelteKit,"Incremental Static Regeneration",SLOW3G,"Blog List",/blog,https://render-strategy-demo-sveltekit-app-rho.vercel.app/blog,https://render-strategy-demo-sveltekit-app-rho.vercel.app/blog,2025-06-12T07:57:25.321Z,4.95,10,5.26,22,4.99,64,5.26,73,0,100,0,100
7,"SvelteKit ISR",SvelteKit,"Incremental Static Regeneration",SLOW3G,"Blog List",/blog,https://render-strategy-demo-sveltekit-app-rho.vercel.app/blog,https://render-strategy-demo-sveltekit-app-rho.vercel.app/blog,2025-06-12T07:57:38.513Z,5,9,5.33,21,5,63,5.33,73,0,100,0,100
8,"SvelteKit ISR",SvelteKit,"Incremental Static Regeneration",SLOW3G,"Blog List",/blog,https://render-strategy-demo-sveltekit-app-rho.vercel.app/blog,https://render-strategy-demo-sveltekit-app-rho.vercel.app/blog,2025-06-12T07:57:57.841Z,4.98,10,5.3,22,5.03,63,5.3,73,0,100,0,100
9,"SvelteKit ISR",SvelteKit,"Incremental Static Regeneration",SLOW3G,"Blog List",/blog,https://render-strategy-demo-sveltekit-app-rho.vercel.app/blog,https://render-strategy-demo-sveltekit-app-rho.vercel.app/blog,2025-06-12T07:58:14.135Z,4.99,10,6.84,7,6.2,43,6.84,55,0,100,0,100
10,"SvelteKit ISR",SvelteKit,"Incremental Static Regeneration",SLOW3G,"Blog List",/blog,https://render-strategy-demo-sveltekit-app-rho.vercel.app/blog,https://render-strategy-demo-sveltekit-app-rho.vercel.app/blog,2025-06-12T07:58:27.933Z,5.06,9,5.58,18,5.44,55,5.58,69,0,100,0,100